video_id,category,channel_id,engagement_rate_label,q_score,video_link
nehrVdADdH0,Film & Animation,UC0jDoh3tVXCaqJ6oTve8ebA,2,0.970364098,https://www.youtube.com/watch?v=nehrVdADdH0
K66wOEaBwK4,Comedy,UC0jDoh3tVXCaqJ6oTve8ebA,2,0.950069557,https://www.youtube.com/watch?v=K66wOEaBwK4
G22G1k3G-kM,Entertainment,UC0jDoh3tVXCaqJ6oTve8ebA,2,0.93020934,https://www.youtube.com/watch?v=G22G1k3G-kM
G5EG7ymPErw,Entertainment,UC0jDoh3tVXCaqJ6oTve8ebA,2,0.9180294396079668,https://www.youtube.com/watch?v=G5EG7ymPErw
vrygmNKYovo,Film & Animation,UC0jDoh3tVXCaqJ6oTve8ebA,0,0.7428607627011276,https://www.youtube.com/watch?v=vrygmNKYovo
TDJzHBM94VU,Entertainment,UC0jDoh3tVXCaqJ6oTve8ebA,1,0.8834701923286359,https://www.youtube.com/watch?v=TDJzHBM94VU
4M0RS4AW8U4,Entertainment,UC0jDoh3tVXCaqJ6oTve8ebA,2,0.9828389830508476,https://www.youtube.com/watch?v=4M0RS4AW8U4
0uIcRFhALU4,Comedy,UC0jDoh3tVXCaqJ6oTve8ebA,2,0.9158743952580448,https://www.youtube.com/watch?v=0uIcRFhALU4
sDiccD7xa5I,Film & Animation,UC0jDoh3tVXCaqJ6oTve8ebA,2,0.9211567892764788,https://www.youtube.com/watch?v=sDiccD7xa5I
48JAWOTIjOA,Entertainment,UC0jDoh3tVXCaqJ6oTve8ebA,2,0.9152973064543451,https://www.youtube.com/watch?v=48JAWOTIjOA
szpB_t3Cerk,Film & Animation,UC0jDoh3tVXCaqJ6oTve8ebA,2,0.918064757,https://www.youtube.com/watch?v=szpB_t3Cerk
gHWnW43KROA,Film & Animation,UC0jDoh3tVXCaqJ6oTve8ebA,2,0.9262787550744248,https://www.youtube.com/watch?v=gHWnW43KROA
oIsCnxzssVA,Film & Animation,UC0jDoh3tVXCaqJ6oTve8ebA,2,0.9054699135659456,https://www.youtube.com/watch?v=oIsCnxzssVA
0Wde8YnELiQ,Entertainment,UC0jDoh3tVXCaqJ6oTve8ebA,1,0.8887852211233439,https://www.youtube.com/watch?v=0Wde8YnELiQ
clAG9rMMQbg,Film & Animation,UC0jDoh3tVXCaqJ6oTve8ebA,1,0.8613796565043755,https://www.youtube.com/watch?v=clAG9rMMQbg
fFr8-kvbTuI,Film & Animation,UC0jDoh3tVXCaqJ6oTve8ebA,2,0.9675748457744252,https://www.youtube.com/watch?v=fFr8-kvbTuI
dOw0uwkYo3k,Film & Animation,UC0jDoh3tVXCaqJ6oTve8ebA,1,0.86539469,https://www.youtube.com/watch?v=dOw0uwkYo3k
4Wy4-r549lY,Entertainment,UC0jDoh3tVXCaqJ6oTve8ebA,1,0.8883115174636584,https://www.youtube.com/watch?v=4Wy4-r549lY
q3_RfFFKMeY,Film & Animation,UC0jDoh3tVXCaqJ6oTve8ebA,1,0.866241191,https://www.youtube.com/watch?v=q3_RfFFKMeY
HUPB01vy5E4,Entertainment,UC0jDoh3tVXCaqJ6oTve8ebA,2,0.9144765374273572,https://www.youtube.com/watch?v=HUPB01vy5E4
FCDXZhfepNI,Comedy,UC0jDoh3tVXCaqJ6oTve8ebA,1,0.8822547417773673,https://www.youtube.com/watch?v=FCDXZhfepNI
v3Knz7PHmrI,Film & Animation,UC0jDoh3tVXCaqJ6oTve8ebA,1,0.8896448945188913,https://www.youtube.com/watch?v=v3Knz7PHmrI
ES7WDcrlkek,Entertainment,UC0jDoh3tVXCaqJ6oTve8ebA,2,0.9001779494169317,https://www.youtube.com/watch?v=ES7WDcrlkek
c2UsMKE6t2o,Film & Animation,UC0jDoh3tVXCaqJ6oTve8ebA,2,0.9060470676432748,https://www.youtube.com/watch?v=c2UsMKE6t2o
aKIM1IDTYvo,Film & Animation,UC0jDoh3tVXCaqJ6oTve8ebA,2,0.9170233932232004,https://www.youtube.com/watch?v=aKIM1IDTYvo
Ha_6LqzXJSo,Entertainment,UC0jDoh3tVXCaqJ6oTve8ebA,2,0.9219979551746718,https://www.youtube.com/watch?v=Ha_6LqzXJSo
tsYwhgUw43s,Film & Animation,UC0jDoh3tVXCaqJ6oTve8ebA,2,0.9200410221348604,https://www.youtube.com/watch?v=tsYwhgUw43s
KKIkohI2Ov4,Entertainment,UC0jDoh3tVXCaqJ6oTve8ebA,2,0.9151395372610488,https://www.youtube.com/watch?v=KKIkohI2Ov4
MqoEVy_IcuM,Entertainment,UC0jDoh3tVXCaqJ6oTve8ebA,2,0.9069943138892202,https://www.youtube.com/watch?v=MqoEVy_IcuM
zjyxjZEJ7Xk,Film & Animation,UC0jDoh3tVXCaqJ6oTve8ebA,2,0.922742435,https://www.youtube.com/watch?v=zjyxjZEJ7Xk
Cvn_e79Qfyo,Entertainment,UC0jDoh3tVXCaqJ6oTve8ebA,2,0.9147539963923618,https://www.youtube.com/watch?v=Cvn_e79Qfyo
sNtyRsE6JjQ,Film & Animation,UC0jDoh3tVXCaqJ6oTve8ebA,1,0.873171036,https://www.youtube.com/watch?v=sNtyRsE6JjQ
VAHMGeD4btM,Entertainment,UC0jDoh3tVXCaqJ6oTve8ebA,2,0.9047659511189948,https://www.youtube.com/watch?v=VAHMGeD4btM
Q04JP_sA174,Entertainment,UC0jDoh3tVXCaqJ6oTve8ebA,2,0.9615739993840108,https://www.youtube.com/watch?v=Q04JP_sA174
YozKGaebFPQ,Entertainment,UC0jDoh3tVXCaqJ6oTve8ebA,1,0.8866507133553448,https://www.youtube.com/watch?v=YozKGaebFPQ
Vk4ujzK_HRA,Entertainment,UC0jDoh3tVXCaqJ6oTve8ebA,1,0.8612013395146774,https://www.youtube.com/watch?v=Vk4ujzK_HRA
JC7zIiokE4g,Entertainment,UC0jDoh3tVXCaqJ6oTve8ebA,2,0.8950300345649183,https://www.youtube.com/watch?v=JC7zIiokE4g
BBeqdlSJncE,Entertainment,UC0jDoh3tVXCaqJ6oTve8ebA,2,0.9178117145736848,https://www.youtube.com/watch?v=BBeqdlSJncE
59eMH8Kmbew,Entertainment,UC0jDoh3tVXCaqJ6oTve8ebA,2,0.931799959,https://www.youtube.com/watch?v=59eMH8Kmbew
CVgI_nXDQac,Entertainment,UC0jDoh3tVXCaqJ6oTve8ebA,2,0.9131039922058038,https://www.youtube.com/watch?v=CVgI_nXDQac
4MfSPmHQMxk,Entertainment,UC0jDoh3tVXCaqJ6oTve8ebA,1,0.8928413284132841,https://www.youtube.com/watch?v=4MfSPmHQMxk
AVhCtshZWms,Entertainment,UC0jDoh3tVXCaqJ6oTve8ebA,2,0.9240729567921288,https://www.youtube.com/watch?v=AVhCtshZWms
asFANx6G4iE,Comedy,UC0jDoh3tVXCaqJ6oTve8ebA,2,0.931537561,https://www.youtube.com/watch?v=asFANx6G4iE
czYo8desSdY,Film & Animation,UC0jDoh3tVXCaqJ6oTve8ebA,2,0.914669025,https://www.youtube.com/watch?v=czYo8desSdY
uxcHwIm9Zsg,Film & Animation,UC0jDoh3tVXCaqJ6oTve8ebA,2,0.918748206,https://www.youtube.com/watch?v=uxcHwIm9Zsg
7xtQMcigjw4,Entertainment,UC0jDoh3tVXCaqJ6oTve8ebA,2,0.9200575659803626,https://www.youtube.com/watch?v=7xtQMcigjw4
mdBmnlbGzqA,Film & Animation,UC0jDoh3tVXCaqJ6oTve8ebA,2,0.932049988,https://www.youtube.com/watch?v=mdBmnlbGzqA
QfduvtQXVMQ,Entertainment,UC0jDoh3tVXCaqJ6oTve8ebA,2,0.9771258080556936,https://www.youtube.com/watch?v=QfduvtQXVMQ
DxfBrnpJUsE,Entertainment,UC0jDoh3tVXCaqJ6oTve8ebA,2,0.9311705685618727,https://www.youtube.com/watch?v=DxfBrnpJUsE
rgWn6UraAcY,Film & Animation,UC0jDoh3tVXCaqJ6oTve8ebA,2,0.9428571428571428,https://www.youtube.com/watch?v=rgWn6UraAcY
CjYrvwT1AKM,Entertainment,UC0jDoh3tVXCaqJ6oTve8ebA,2,0.9219208801556132,https://www.youtube.com/watch?v=CjYrvwT1AKM
cWePKxFrPY0,Film & Animation,UC0jDoh3tVXCaqJ6oTve8ebA,2,0.904851625,https://www.youtube.com/watch?v=cWePKxFrPY0
Y6xejFaC63E,Entertainment,UC0jDoh3tVXCaqJ6oTve8ebA,2,0.9336521219366408,https://www.youtube.com/watch?v=Y6xejFaC63E
fC3-8TZiwkc,Film & Animation,UC0jDoh3tVXCaqJ6oTve8ebA,2,0.927719491,https://www.youtube.com/watch?v=fC3-8TZiwkc
oPC9C21Tt1o,Comedy,UC0jDoh3tVXCaqJ6oTve8ebA,1,0.883260955,https://www.youtube.com/watch?v=oPC9C21Tt1o
CVFAsd8WEXE,Entertainment,UC0jDoh3tVXCaqJ6oTve8ebA,2,0.9277140018181432,https://www.youtube.com/watch?v=CVFAsd8WEXE
HXTYVK3BG5w,Entertainment,UC0jDoh3tVXCaqJ6oTve8ebA,2,0.8970203600184625,https://www.youtube.com/watch?v=HXTYVK3BG5w
X5DFEJOy3Io,Entertainment,UC0jDoh3tVXCaqJ6oTve8ebA,2,0.91758128,https://www.youtube.com/watch?v=X5DFEJOy3Io
iIyU7zbwExc,Film & Animation,UC0jDoh3tVXCaqJ6oTve8ebA,2,0.9515649988576652,https://www.youtube.com/watch?v=iIyU7zbwExc
ueEXHkHYorI,Film & Animation,UC0jDoh3tVXCaqJ6oTve8ebA,2,0.9739167017248632,https://www.youtube.com/watch?v=ueEXHkHYorI
0vwLV87EQ3s,Entertainment,UC0jDoh3tVXCaqJ6oTve8ebA,2,0.8961921061076051,https://www.youtube.com/watch?v=0vwLV87EQ3s
bMXvitpf_2E,Film & Animation,UC0jDoh3tVXCaqJ6oTve8ebA,2,0.9174014137446752,https://www.youtube.com/watch?v=bMXvitpf_2E
KrzmNTHN7Lo,Entertainment,UC0jDoh3tVXCaqJ6oTve8ebA,1,0.8485828375470373,https://www.youtube.com/watch?v=KrzmNTHN7Lo
ZYenJJQO4ps,Entertainment,UC0jDoh3tVXCaqJ6oTve8ebA,2,0.9095615188739962,https://www.youtube.com/watch?v=ZYenJJQO4ps
dils2BfT928,Film & Animation,UC0jDoh3tVXCaqJ6oTve8ebA,2,0.898276441,https://www.youtube.com/watch?v=dils2BfT928
Timy8PIuO8s,Entertainment,UC0jDoh3tVXCaqJ6oTve8ebA,1,0.835342841,https://www.youtube.com/watch?v=Timy8PIuO8s
D2QSzarLgE0,Entertainment,UC0jDoh3tVXCaqJ6oTve8ebA,2,0.9483637559611906,https://www.youtube.com/watch?v=D2QSzarLgE0
XtguzeFw1-w,Entertainment,UC0jDoh3tVXCaqJ6oTve8ebA,2,0.9088329463892808,https://www.youtube.com/watch?v=XtguzeFw1-w
xnRGWyFidzE,Film & Animation,UC0jDoh3tVXCaqJ6oTve8ebA,2,0.947390053,https://www.youtube.com/watch?v=xnRGWyFidzE
CdVdGHekdio,Entertainment,UC0jDoh3tVXCaqJ6oTve8ebA,1,0.8877466219335776,https://www.youtube.com/watch?v=CdVdGHekdio
fwwhcciqIEE,Film & Animation,UC0jDoh3tVXCaqJ6oTve8ebA,2,0.9089791502753736,https://www.youtube.com/watch?v=fwwhcciqIEE
dilFiJVC9is,Film & Animation,UC0jDoh3tVXCaqJ6oTve8ebA,2,0.9558163007822356,https://www.youtube.com/watch?v=dilFiJVC9is
jk--KEQE03M,Film & Animation,UC0jDoh3tVXCaqJ6oTve8ebA,1,0.8752900232018561,https://www.youtube.com/watch?v=jk--KEQE03M
mff3eE7uTOM,Film & Animation,UC0jDoh3tVXCaqJ6oTve8ebA,1,0.8760979776783228,https://www.youtube.com/watch?v=mff3eE7uTOM
FUcf5GwIcJw,Entertainment,UC0jDoh3tVXCaqJ6oTve8ebA,1,0.8816939809738316,https://www.youtube.com/watch?v=FUcf5GwIcJw
PWAKpQOJZig,Entertainment,UC0jDoh3tVXCaqJ6oTve8ebA,2,0.9053024364240696,https://www.youtube.com/watch?v=PWAKpQOJZig
sif_dEbN3n0,Film & Animation,UC0jDoh3tVXCaqJ6oTve8ebA,1,0.8653475393201421,https://www.youtube.com/watch?v=sif_dEbN3n0
4eBZHHWQk-Q,Entertainment,UC0jDoh3tVXCaqJ6oTve8ebA,2,0.9035306411883256,https://www.youtube.com/watch?v=4eBZHHWQk-Q
EA2uYDzr2K4,Entertainment,UC0jDoh3tVXCaqJ6oTve8ebA,2,0.9098916138716584,https://www.youtube.com/watch?v=EA2uYDzr2K4
lLO2-XaO9Xc,Film & Animation,UC0jDoh3tVXCaqJ6oTve8ebA,1,0.8870221385918089,https://www.youtube.com/watch?v=lLO2-XaO9Xc
dw6pi4ByQJ4,Film & Animation,UC0jDoh3tVXCaqJ6oTve8ebA,2,0.9049587606108648,https://www.youtube.com/watch?v=dw6pi4ByQJ4
rzpvOGSHPBc,Film & Animation,UC0jDoh3tVXCaqJ6oTve8ebA,2,0.9500434404865334,https://www.youtube.com/watch?v=rzpvOGSHPBc
npOmOycTgxA,Film & Animation,UC0jDoh3tVXCaqJ6oTve8ebA,1,0.8918784530386741,https://www.youtube.com/watch?v=npOmOycTgxA
Sfvjjo4a-mg,Entertainment,UC0jDoh3tVXCaqJ6oTve8ebA,1,0.8877154114374189,https://www.youtube.com/watch?v=Sfvjjo4a-mg
EAeF_V1Ufcc,Entertainment,UC0jDoh3tVXCaqJ6oTve8ebA,2,0.9556008146639512,https://www.youtube.com/watch?v=EAeF_V1Ufcc
YSX_WtYf8kA,Entertainment,UC0jDoh3tVXCaqJ6oTve8ebA,1,0.8840967216926297,https://www.youtube.com/watch?v=YSX_WtYf8kA
4QPmXGC2pUU,Entertainment,UC0jDoh3tVXCaqJ6oTve8ebA,1,0.8585625747526368,https://www.youtube.com/watch?v=4QPmXGC2pUU
C7Rimz8Raus,Entertainment,UC0jDoh3tVXCaqJ6oTve8ebA,2,0.940152207,https://www.youtube.com/watch?v=C7Rimz8Raus
TF4O9_zOG0E,Entertainment,UC0jDoh3tVXCaqJ6oTve8ebA,2,0.9296023911590042,https://www.youtube.com/watch?v=TF4O9_zOG0E
iFaNW37rbzk,Film & Animation,UC0jDoh3tVXCaqJ6oTve8ebA,2,0.9098738351465544,https://www.youtube.com/watch?v=iFaNW37rbzk
LTN2AaW1tko,Comedy,UC0jDoh3tVXCaqJ6oTve8ebA,2,0.8951355558438189,https://www.youtube.com/watch?v=LTN2AaW1tko
jC0auMNVq0I,Film & Animation,UC0jDoh3tVXCaqJ6oTve8ebA,2,0.9359580052493438,https://www.youtube.com/watch?v=jC0auMNVq0I
QsCZ8QMK1AY,Film & Animation,UC0jDoh3tVXCaqJ6oTve8ebA,2,0.9215511691300358,https://www.youtube.com/watch?v=QsCZ8QMK1AY
NgZFtw7aAtI,Entertainment,UC0jDoh3tVXCaqJ6oTve8ebA,2,0.9277208973906346,https://www.youtube.com/watch?v=NgZFtw7aAtI
6DktXzn-7yc,Entertainment,UC0jDoh3tVXCaqJ6oTve8ebA,2,0.8967822308650603,https://www.youtube.com/watch?v=6DktXzn-7yc
q1QYhlr0d_w,Film & Animation,UC0jDoh3tVXCaqJ6oTve8ebA,1,0.8905472636815921,https://www.youtube.com/watch?v=q1QYhlr0d_w
Zl7sszhtCOY,Entertainment,UC0jDoh3tVXCaqJ6oTve8ebA,1,0.8801284741276348,https://www.youtube.com/watch?v=Zl7sszhtCOY
iqfpzTWDNCU,Film & Animation,UC0jDoh3tVXCaqJ6oTve8ebA,2,0.9206800346913824,https://www.youtube.com/watch?v=iqfpzTWDNCU
kmjvWwN2IcE,Entertainment,UC0jDoh3tVXCaqJ6oTve8ebA,2,0.942831657,https://www.youtube.com/watch?v=kmjvWwN2IcE
vHL5N1jcPBM,Film & Animation,UC0jDoh3tVXCaqJ6oTve8ebA,2,0.9210371243370654,https://www.youtube.com/watch?v=vHL5N1jcPBM
sZL7e0sak4o,Film & Animation,UC0jDoh3tVXCaqJ6oTve8ebA,2,0.920844327,https://www.youtube.com/watch?v=sZL7e0sak4o
kiVkwc1MR8U,Film & Animation,UC0jDoh3tVXCaqJ6oTve8ebA,2,0.9236846940650456,https://www.youtube.com/watch?v=kiVkwc1MR8U
jyV-N7tF1yg,Film & Animation,UC0jDoh3tVXCaqJ6oTve8ebA,2,0.93006993,https://www.youtube.com/watch?v=jyV-N7tF1yg
5YbX5V7O8Oc,Entertainment,UC0jDoh3tVXCaqJ6oTve8ebA,1,0.8946328164934401,https://www.youtube.com/watch?v=5YbX5V7O8Oc
p4XgUDmO6ls,Film & Animation,UC0jDoh3tVXCaqJ6oTve8ebA,2,0.922496225,https://www.youtube.com/watch?v=p4XgUDmO6ls
Nu5oDyb-Dgk,Entertainment,UC0jDoh3tVXCaqJ6oTve8ebA,2,0.952922078,https://www.youtube.com/watch?v=Nu5oDyb-Dgk
bciU4Sxtfa8,Film & Animation,UC0jDoh3tVXCaqJ6oTve8ebA,2,0.9533799533799534,https://www.youtube.com/watch?v=bciU4Sxtfa8
Ckv_niUOb0I,Entertainment,UC0jDoh3tVXCaqJ6oTve8ebA,2,0.967883212,https://www.youtube.com/watch?v=Ckv_niUOb0I
NyXcDobMwWE,Entertainment,UC0jDoh3tVXCaqJ6oTve8ebA,2,0.9662921348314608,https://www.youtube.com/watch?v=NyXcDobMwWE
SCzsejI0l2M,Entertainment,UC0jDoh3tVXCaqJ6oTve8ebA,2,0.984156002,https://www.youtube.com/watch?v=SCzsejI0l2M
9WSg60XCwL0,Entertainment,UC0jDoh3tVXCaqJ6oTve8ebA,2,0.962112052,https://www.youtube.com/watch?v=9WSg60XCwL0
9ctLe3h_x6o,Entertainment,UC0jDoh3tVXCaqJ6oTve8ebA,1,0.8877927931956605,https://www.youtube.com/watch?v=9ctLe3h_x6o
zKrpAMbtUYs,Film & Animation,UC0jDoh3tVXCaqJ6oTve8ebA,2,0.9196407834636524,https://www.youtube.com/watch?v=zKrpAMbtUYs
KGRxDAM_QJs,Entertainment,UC0jDoh3tVXCaqJ6oTve8ebA,2,0.9262878337946412,https://www.youtube.com/watch?v=KGRxDAM_QJs
XX-dn95GO4E,Entertainment,UC0jDoh3tVXCaqJ6oTve8ebA,2,0.9272870974115788,https://www.youtube.com/watch?v=XX-dn95GO4E
AkDcqrRZQV4,Entertainment,UC0jDoh3tVXCaqJ6oTve8ebA,2,0.966924001,https://www.youtube.com/watch?v=AkDcqrRZQV4
jE8D3AoAyCs,Film & Animation,UC0jDoh3tVXCaqJ6oTve8ebA,2,0.9540669856459332,https://www.youtube.com/watch?v=jE8D3AoAyCs
Y16gQIegaFg,Entertainment,UC0jDoh3tVXCaqJ6oTve8ebA,2,0.9252658657543692,https://www.youtube.com/watch?v=Y16gQIegaFg
PbISBp406mw,Entertainment,UC0jDoh3tVXCaqJ6oTve8ebA,2,0.9103886677078064,https://www.youtube.com/watch?v=PbISBp406mw
Qwf753k-kvY,Entertainment,UC0jDoh3tVXCaqJ6oTve8ebA,2,0.913790327,https://www.youtube.com/watch?v=Qwf753k-kvY
tYhTd-_PfmU,Film & Animation,UC0jDoh3tVXCaqJ6oTve8ebA,2,0.9279520137103684,https://www.youtube.com/watch?v=tYhTd-_PfmU
q3L0AO9JRnQ,Film & Animation,UC0jDoh3tVXCaqJ6oTve8ebA,2,0.9211055099235028,https://www.youtube.com/watch?v=q3L0AO9JRnQ
SuxIVvSUPiU,Entertainment,UC0jDoh3tVXCaqJ6oTve8ebA,2,0.9209782132473016,https://www.youtube.com/watch?v=SuxIVvSUPiU
MqCkLk3P80s,Entertainment,UC0jDoh3tVXCaqJ6oTve8ebA,2,0.9065665844312636,https://www.youtube.com/watch?v=MqCkLk3P80s
U1D2hox2tIk,Entertainment,UC0jDoh3tVXCaqJ6oTve8ebA,2,0.928369869,https://www.youtube.com/watch?v=U1D2hox2tIk
XVrCmD1RFvk,Entertainment,UC0jDoh3tVXCaqJ6oTve8ebA,2,0.9107658766760937,https://www.youtube.com/watch?v=XVrCmD1RFvk
yxYa-ecgNGY,Film & Animation,UC0jDoh3tVXCaqJ6oTve8ebA,1,0.8944399172569423,https://www.youtube.com/watch?v=yxYa-ecgNGY
xrrOOxlWkyM,Film & Animation,UC0jDoh3tVXCaqJ6oTve8ebA,2,0.927949866,https://www.youtube.com/watch?v=xrrOOxlWkyM
rcFLFxRHEQ4,Film & Animation,UC0jDoh3tVXCaqJ6oTve8ebA,2,0.925070433,https://www.youtube.com/watch?v=rcFLFxRHEQ4
p9GPZyXpjSQ,Film & Animation,UC0jDoh3tVXCaqJ6oTve8ebA,2,0.92075339,https://www.youtube.com/watch?v=p9GPZyXpjSQ
BvLbarKOnZo,Comedy,UC0jDoh3tVXCaqJ6oTve8ebA,2,0.9547960308710032,https://www.youtube.com/watch?v=BvLbarKOnZo
hYN-gTu_ARQ,Comedy,UC0jDoh3tVXCaqJ6oTve8ebA,1,0.8886036960985626,https://www.youtube.com/watch?v=hYN-gTu_ARQ
v71thn4q4nI,Comedy,UC0jDoh3tVXCaqJ6oTve8ebA,2,0.9155602199093018,https://www.youtube.com/watch?v=v71thn4q4nI
4p8Rmv-jINA,Comedy,UC0jDoh3tVXCaqJ6oTve8ebA,2,0.9169113677363284,https://www.youtube.com/watch?v=4p8Rmv-jINA
G4GgoHYfoNs,Comedy,UC0jDoh3tVXCaqJ6oTve8ebA,2,0.9267392571095596,https://www.youtube.com/watch?v=G4GgoHYfoNs
6eGRuTMKDc4,Comedy,UC0jDoh3tVXCaqJ6oTve8ebA,1,0.8757204790458947,https://www.youtube.com/watch?v=6eGRuTMKDc4
yiz8NHYbH4A,Comedy,UC0jDoh3tVXCaqJ6oTve8ebA,1,0.8901655691608348,https://www.youtube.com/watch?v=yiz8NHYbH4A
56OZgBSAcs8,Comedy,UC0jDoh3tVXCaqJ6oTve8ebA,2,0.8976147431037499,https://www.youtube.com/watch?v=56OZgBSAcs8
XYhP_n0GYSU,Comedy,UC0jDoh3tVXCaqJ6oTve8ebA,2,0.9195126846025806,https://www.youtube.com/watch?v=XYhP_n0GYSU
l943v8SgpZc,Comedy,UC0jDoh3tVXCaqJ6oTve8ebA,2,0.9152370187010832,https://www.youtube.com/watch?v=l943v8SgpZc
HwR8TRxErKI,Comedy,UC0jDoh3tVXCaqJ6oTve8ebA,2,0.8982789675887847,https://www.youtube.com/watch?v=HwR8TRxErKI
9ptqcbwyH_M,Comedy,UC0jDoh3tVXCaqJ6oTve8ebA,2,0.9211618680455692,https://www.youtube.com/watch?v=9ptqcbwyH_M
lfI1EhqSMe0,Comedy,UC0jDoh3tVXCaqJ6oTve8ebA,2,0.9058501860763776,https://www.youtube.com/watch?v=lfI1EhqSMe0
N5R5MsaV9F0,Comedy,UC0jDoh3tVXCaqJ6oTve8ebA,2,0.8993767729281127,https://www.youtube.com/watch?v=N5R5MsaV9F0
yPQDl9xqKfM,Comedy,UC0jDoh3tVXCaqJ6oTve8ebA,1,0.8544789454874178,https://www.youtube.com/watch?v=yPQDl9xqKfM
zP9NqZ0aQz0,Comedy,UC0jDoh3tVXCaqJ6oTve8ebA,2,0.9266043116019432,https://www.youtube.com/watch?v=zP9NqZ0aQz0
nqOs4kwF3qY,Comedy,UC0jDoh3tVXCaqJ6oTve8ebA,2,0.9633695315838332,https://www.youtube.com/watch?v=nqOs4kwF3qY
csCDRqrT5oU,Comedy,UC0jDoh3tVXCaqJ6oTve8ebA,2,0.9086433816798553,https://www.youtube.com/watch?v=csCDRqrT5oU
CR-Cp72tNSw,Entertainment,UC0jDoh3tVXCaqJ6oTve8ebA,1,0.8911888421518707,https://www.youtube.com/watch?v=CR-Cp72tNSw
tqfzul636Ko,Comedy,UC0jDoh3tVXCaqJ6oTve8ebA,2,0.9203338806787082,https://www.youtube.com/watch?v=tqfzul636Ko
5x08aoHDUyg,Comedy,UC0jDoh3tVXCaqJ6oTve8ebA,2,0.9143250842597248,https://www.youtube.com/watch?v=5x08aoHDUyg
8hKUPdbw9lY,Comedy,UC0jDoh3tVXCaqJ6oTve8ebA,1,0.8580439031397318,https://www.youtube.com/watch?v=8hKUPdbw9lY
L1nknAQotOY,Comedy,UC0jDoh3tVXCaqJ6oTve8ebA,2,0.9045071666327016,https://www.youtube.com/watch?v=L1nknAQotOY
O57qP7Lts7A,Comedy,UC0jDoh3tVXCaqJ6oTve8ebA,2,0.926987821,https://www.youtube.com/watch?v=O57qP7Lts7A
nrBnRRGUfbo,Comedy,UC0jDoh3tVXCaqJ6oTve8ebA,2,0.929359044,https://www.youtube.com/watch?v=nrBnRRGUfbo
8syBOEoI8Vc,Comedy,UC0jDoh3tVXCaqJ6oTve8ebA,2,0.9403916461483156,https://www.youtube.com/watch?v=8syBOEoI8Vc
r0SEWSOV2bg,Comedy,UC0jDoh3tVXCaqJ6oTve8ebA,2,0.9123177393518708,https://www.youtube.com/watch?v=r0SEWSOV2bg
POQjqOVdxjQ,Comedy,UC0jDoh3tVXCaqJ6oTve8ebA,2,0.9312204201898115,https://www.youtube.com/watch?v=POQjqOVdxjQ
0zzyUpH_E14,Comedy,UC0jDoh3tVXCaqJ6oTve8ebA,2,0.9096970228182428,https://www.youtube.com/watch?v=0zzyUpH_E14
xCBiuZoJLwc,Comedy,UC0jDoh3tVXCaqJ6oTve8ebA,2,0.9195938529088912,https://www.youtube.com/watch?v=xCBiuZoJLwc
8eMCxjirAxc,Comedy,UC0jDoh3tVXCaqJ6oTve8ebA,2,0.922540225,https://www.youtube.com/watch?v=8eMCxjirAxc
EusZJI7BXug,Comedy,UC0jDoh3tVXCaqJ6oTve8ebA,2,0.8975152582252296,https://www.youtube.com/watch?v=EusZJI7BXug
0OuT-uoym5k,Comedy,UC0jDoh3tVXCaqJ6oTve8ebA,2,0.904468829,https://www.youtube.com/watch?v=0OuT-uoym5k
arlM4Sw83i0,Comedy,UC0jDoh3tVXCaqJ6oTve8ebA,2,0.9085727254475782,https://www.youtube.com/watch?v=arlM4Sw83i0
Mbb35_K-uxI,Comedy,UC0jDoh3tVXCaqJ6oTve8ebA,2,0.9112253309411822,https://www.youtube.com/watch?v=Mbb35_K-uxI
PhdroVbMOp4,Comedy,UC0jDoh3tVXCaqJ6oTve8ebA,2,0.9232337036557062,https://www.youtube.com/watch?v=PhdroVbMOp4
Cs8E96_sh20,Comedy,UC0jDoh3tVXCaqJ6oTve8ebA,2,0.9216142183717672,https://www.youtube.com/watch?v=Cs8E96_sh20
EmupzDpfb5M,Comedy,UC0jDoh3tVXCaqJ6oTve8ebA,2,0.926216085,https://www.youtube.com/watch?v=EmupzDpfb5M
nmKP8bVkY1g,Film & Animation,UC0jDoh3tVXCaqJ6oTve8ebA,2,0.9005188930282065,https://www.youtube.com/watch?v=nmKP8bVkY1g
wUIeDFbi-uI,Comedy,UC0jDoh3tVXCaqJ6oTve8ebA,2,0.9106375138189412,https://www.youtube.com/watch?v=wUIeDFbi-uI
Y0Z-MxGGiDc,Comedy,UC0jDoh3tVXCaqJ6oTve8ebA,2,0.9242845329801852,https://www.youtube.com/watch?v=Y0Z-MxGGiDc
ovvQUQeKBQw,Comedy,UC0jDoh3tVXCaqJ6oTve8ebA,1,0.8671107219717364,https://www.youtube.com/watch?v=ovvQUQeKBQw
MEWZcsqxAcU,Comedy,UC0jDoh3tVXCaqJ6oTve8ebA,2,0.9157507887529036,https://www.youtube.com/watch?v=MEWZcsqxAcU
ImpUTKkIz88,Comedy,UC0jDoh3tVXCaqJ6oTve8ebA,2,0.9161996723855504,https://www.youtube.com/watch?v=ImpUTKkIz88
z3v4zgUp8ao,Comedy,UC0jDoh3tVXCaqJ6oTve8ebA,1,0.8731969547721042,https://www.youtube.com/watch?v=z3v4zgUp8ao
Qx1D3AVDVgU,Comedy,UC0jDoh3tVXCaqJ6oTve8ebA,2,0.904735067,https://www.youtube.com/watch?v=Qx1D3AVDVgU
IVUudYBJCEM,Comedy,UC0jDoh3tVXCaqJ6oTve8ebA,2,0.9745436492232864,https://www.youtube.com/watch?v=IVUudYBJCEM
rT3IZOp1gJk,Film & Animation,UC0jDoh3tVXCaqJ6oTve8ebA,2,0.8949475013815426,https://www.youtube.com/watch?v=rT3IZOp1gJk
g0DQf2cfnBw,Comedy,UC0jDoh3tVXCaqJ6oTve8ebA,1,0.8735729803536991,https://www.youtube.com/watch?v=g0DQf2cfnBw
fKCWe-MIDc4,Film & Animation,UC0jDoh3tVXCaqJ6oTve8ebA,2,0.9007090007568853,https://www.youtube.com/watch?v=fKCWe-MIDc4
dNvw7-cBpPU,Comedy,UC0jDoh3tVXCaqJ6oTve8ebA,2,0.9025393083104116,https://www.youtube.com/watch?v=dNvw7-cBpPU
Lap1Z7O0xBw,Film & Animation,UC0jDoh3tVXCaqJ6oTve8ebA,2,0.9042807888405636,https://www.youtube.com/watch?v=Lap1Z7O0xBw
4f_g30gZX_M,Film & Animation,UC0jDoh3tVXCaqJ6oTve8ebA,2,0.9155052965628212,https://www.youtube.com/watch?v=4f_g30gZX_M
aGzAPUbViyg,Film & Animation,UC0jDoh3tVXCaqJ6oTve8ebA,2,0.9625647541784772,https://www.youtube.com/watch?v=aGzAPUbViyg
dii0j5woBIE,Film & Animation,UC0jDoh3tVXCaqJ6oTve8ebA,2,0.921311254,https://www.youtube.com/watch?v=dii0j5woBIE
ZyVmfg1ST2o,Film & Animation,UC0jDoh3tVXCaqJ6oTve8ebA,2,0.961179689,https://www.youtube.com/watch?v=ZyVmfg1ST2o
tOWYkkZ821w,Film & Animation,UC0jDoh3tVXCaqJ6oTve8ebA,2,0.9272310180136136,https://www.youtube.com/watch?v=tOWYkkZ821w
Jy6Hu5_c-V8,Film & Animation,UC0jDoh3tVXCaqJ6oTve8ebA,2,0.900172046,https://www.youtube.com/watch?v=Jy6Hu5_c-V8
CgdlpmfYgHI,Film & Animation,UC0jDoh3tVXCaqJ6oTve8ebA,2,0.940986701,https://www.youtube.com/watch?v=CgdlpmfYgHI
UyEGJjQfO0o,Comedy,UC0jDoh3tVXCaqJ6oTve8ebA,2,0.911824657,https://www.youtube.com/watch?v=UyEGJjQfO0o
vKabwPCCDA4,Entertainment,UC0jDoh3tVXCaqJ6oTve8ebA,2,0.8965506285544835,https://www.youtube.com/watch?v=vKabwPCCDA4
QMagosKphMY,Film & Animation,UC0jDoh3tVXCaqJ6oTve8ebA,2,0.9671934086298866,https://www.youtube.com/watch?v=QMagosKphMY
AXpZWExmXG4,Film & Animation,UC0jDoh3tVXCaqJ6oTve8ebA,2,0.9324262712067766,https://www.youtube.com/watch?v=AXpZWExmXG4
JhO59Hjc-CQ,Film & Animation,UC0jDoh3tVXCaqJ6oTve8ebA,1,0.8405306061811403,https://www.youtube.com/watch?v=JhO59Hjc-CQ
ijDZ6Noap9E,Film & Animation,UC0jDoh3tVXCaqJ6oTve8ebA,2,0.9347177755361606,https://www.youtube.com/watch?v=ijDZ6Noap9E
5r3iW1QAHy8,Film & Animation,UC0jDoh3tVXCaqJ6oTve8ebA,2,0.9332500409634606,https://www.youtube.com/watch?v=5r3iW1QAHy8
RFTdxs0ePsk,Film & Animation,UC0jDoh3tVXCaqJ6oTve8ebA,2,0.9375428895364448,https://www.youtube.com/watch?v=RFTdxs0ePsk
a-JGWScprZQ,Film & Animation,UC0jDoh3tVXCaqJ6oTve8ebA,2,0.9126138272311644,https://www.youtube.com/watch?v=a-JGWScprZQ
xEqKj2AbagQ,Film & Animation,UC0jDoh3tVXCaqJ6oTve8ebA,2,0.9352356524527092,https://www.youtube.com/watch?v=xEqKj2AbagQ
mfcB66PZtSU,Comedy,UC0jDoh3tVXCaqJ6oTve8ebA,2,0.9226634214746818,https://www.youtube.com/watch?v=mfcB66PZtSU
5uwqTfbAqaY,Comedy,UC0jDoh3tVXCaqJ6oTve8ebA,2,0.9598793502724392,https://www.youtube.com/watch?v=5uwqTfbAqaY
kxovTVQLQKI,Film & Animation,UC0jDoh3tVXCaqJ6oTve8ebA,2,0.9363893484177384,https://www.youtube.com/watch?v=kxovTVQLQKI
Y6EbzWjqDkI,Comedy,UC0jDoh3tVXCaqJ6oTve8ebA,2,0.9555885391656116,https://www.youtube.com/watch?v=Y6EbzWjqDkI
bWXw8LaPAIM,Film & Animation,UC0jDoh3tVXCaqJ6oTve8ebA,2,0.9492935660911724,https://www.youtube.com/watch?v=bWXw8LaPAIM
c-VBQzV9PDE,Comedy,UC0jDoh3tVXCaqJ6oTve8ebA,2,0.9398778442905672,https://www.youtube.com/watch?v=c-VBQzV9PDE
RtAW0Hdv-8w,Film & Animation,UC0jDoh3tVXCaqJ6oTve8ebA,2,0.9454784768825776,https://www.youtube.com/watch?v=RtAW0Hdv-8w
R0fdr2NrkEk,Film & Animation,UC0jDoh3tVXCaqJ6oTve8ebA,2,0.9075379046945724,https://www.youtube.com/watch?v=R0fdr2NrkEk
ZBQF006ClTo,Film & Animation,UC0jDoh3tVXCaqJ6oTve8ebA,2,0.9407191448007776,https://www.youtube.com/watch?v=ZBQF006ClTo
G2F2XyIFY9Q,Film & Animation,UC0jDoh3tVXCaqJ6oTve8ebA,2,0.9313925683118836,https://www.youtube.com/watch?v=G2F2XyIFY9Q
WCsIWHZcGCo,Music,UC0jDoh3tVXCaqJ6oTve8ebA,2,0.9715647880129406,https://www.youtube.com/watch?v=WCsIWHZcGCo
ihre_rZJo5M,Music,UC0jDoh3tVXCaqJ6oTve8ebA,2,0.9472874265773674,https://www.youtube.com/watch?v=ihre_rZJo5M
zYKWt-D4Z1c,Music,UC0jDoh3tVXCaqJ6oTve8ebA,2,0.9640201357679798,https://www.youtube.com/watch?v=zYKWt-D4Z1c
9ytJm_i-YhU,Film & Animation,UC0jDoh3tVXCaqJ6oTve8ebA,2,0.9420141771505204,https://www.youtube.com/watch?v=9ytJm_i-YhU
HoSR2LXqx2s,Film & Animation,UC0jDoh3tVXCaqJ6oTve8ebA,2,0.9124284655018348,https://www.youtube.com/watch?v=HoSR2LXqx2s
VIIRmEI2uiQ,Film & Animation,UC0jDoh3tVXCaqJ6oTve8ebA,2,0.9005248888117212,https://www.youtube.com/watch?v=VIIRmEI2uiQ
ZYClYkzHpQI,Film & Animation,UC0jDoh3tVXCaqJ6oTve8ebA,2,0.8953756827609508,https://www.youtube.com/watch?v=ZYClYkzHpQI
ucqloBVS2mA,Film & Animation,UC0jDoh3tVXCaqJ6oTve8ebA,2,0.926477727,https://www.youtube.com/watch?v=ucqloBVS2mA
4n4qolurBi8,Film & Animation,UC0jDoh3tVXCaqJ6oTve8ebA,2,0.9193271712882004,https://www.youtube.com/watch?v=4n4qolurBi8
HomgaBb79S0,Film & Animation,UC0jDoh3tVXCaqJ6oTve8ebA,2,0.9143553527904504,https://www.youtube.com/watch?v=HomgaBb79S0
CWxdpxqjvIY,Film & Animation,UC0jDoh3tVXCaqJ6oTve8ebA,2,0.9174795475503592,https://www.youtube.com/watch?v=CWxdpxqjvIY
Kje4Xo7kC_I,Film & Animation,UC0jDoh3tVXCaqJ6oTve8ebA,2,0.9178895756362004,https://www.youtube.com/watch?v=Kje4Xo7kC_I
qbFqhOwziow,Film & Animation,UC0jDoh3tVXCaqJ6oTve8ebA,2,0.9742977528089888,https://www.youtube.com/watch?v=qbFqhOwziow
WRltPkM5tic,Film & Animation,UC0jDoh3tVXCaqJ6oTve8ebA,2,0.9270482557781834,https://www.youtube.com/watch?v=WRltPkM5tic
rhPMxT4m5CE,Film & Animation,UC0jDoh3tVXCaqJ6oTve8ebA,2,0.9355553414892592,https://www.youtube.com/watch?v=rhPMxT4m5CE
X1TplSQI_88,Film & Animation,UC0jDoh3tVXCaqJ6oTve8ebA,2,0.9247285773466628,https://www.youtube.com/watch?v=X1TplSQI_88
jV0HP84O59E,Film & Animation,UC0jDoh3tVXCaqJ6oTve8ebA,2,0.922728129,https://www.youtube.com/watch?v=jV0HP84O59E
ndN3ZDjf36g,Film & Animation,UC0jDoh3tVXCaqJ6oTve8ebA,2,0.9569603524229074,https://www.youtube.com/watch?v=ndN3ZDjf36g
KHB5khPpTIU,Entertainment,UC0jDoh3tVXCaqJ6oTve8ebA,2,0.9737943184320634,https://www.youtube.com/watch?v=KHB5khPpTIU
lVKRVE89MC4,Film & Animation,UC0jDoh3tVXCaqJ6oTve8ebA,2,0.910331915,https://www.youtube.com/watch?v=lVKRVE89MC4
hGKVxJPpYqc,Film & Animation,UC0jDoh3tVXCaqJ6oTve8ebA,2,0.9128029857524644,https://www.youtube.com/watch?v=hGKVxJPpYqc
0ciREn3aD0I,Film & Animation,UC0jDoh3tVXCaqJ6oTve8ebA,2,0.9515812737346696,https://www.youtube.com/watch?v=0ciREn3aD0I
LvKR3c9Wzj0,Film & Animation,UC0jDoh3tVXCaqJ6oTve8ebA,2,0.9519968187240812,https://www.youtube.com/watch?v=LvKR3c9Wzj0
TqI7F5Kickw,Comedy,UC0jDoh3tVXCaqJ6oTve8ebA,2,0.9314981375488326,https://www.youtube.com/watch?v=TqI7F5Kickw
cRIhhomaRvs,Film & Animation,UC0jDoh3tVXCaqJ6oTve8ebA,2,0.9437672468113768,https://www.youtube.com/watch?v=cRIhhomaRvs
mgQlsN2fxAU,Comedy,UC0jDoh3tVXCaqJ6oTve8ebA,2,0.9245602971060192,https://www.youtube.com/watch?v=mgQlsN2fxAU
JwLY96tfRAA,Film & Animation,UC0jDoh3tVXCaqJ6oTve8ebA,2,0.9400047662549152,https://www.youtube.com/watch?v=JwLY96tfRAA
7TP5j4UARYQ,Comedy,UC0jDoh3tVXCaqJ6oTve8ebA,2,0.9519679571038648,https://www.youtube.com/watch?v=7TP5j4UARYQ
rrZ0ePIls3Y,Film & Animation,UC0jDoh3tVXCaqJ6oTve8ebA,2,0.9444493743899192,https://www.youtube.com/watch?v=rrZ0ePIls3Y
eUH9AF4B1m0,Comedy,UC0jDoh3tVXCaqJ6oTve8ebA,2,0.943478703,https://www.youtube.com/watch?v=eUH9AF4B1m0
eOl3rRwQzVw,Film & Animation,UC0jDoh3tVXCaqJ6oTve8ebA,2,0.9439972792200432,https://www.youtube.com/watch?v=eOl3rRwQzVw
pRNKwV9iNYs,Comedy,UC0jDoh3tVXCaqJ6oTve8ebA,2,0.9418194735227474,https://www.youtube.com/watch?v=pRNKwV9iNYs
w14bGYo3sAk,Film & Animation,UC0jDoh3tVXCaqJ6oTve8ebA,2,0.9222689509156118,https://www.youtube.com/watch?v=w14bGYo3sAk
ouhj93WRGoo,Comedy,UC0jDoh3tVXCaqJ6oTve8ebA,2,0.9429436369098514,https://www.youtube.com/watch?v=ouhj93WRGoo
ieIV38wcEj4,Film & Animation,UC0jDoh3tVXCaqJ6oTve8ebA,2,0.9553323425408702,https://www.youtube.com/watch?v=ieIV38wcEj4
mGJdttJbpjc,Film & Animation,UC0jDoh3tVXCaqJ6oTve8ebA,2,0.9390361704411292,https://www.youtube.com/watch?v=mGJdttJbpjc
6P0GpUOEIPw,Film & Animation,UC0jDoh3tVXCaqJ6oTve8ebA,2,0.9537681288370852,https://www.youtube.com/watch?v=6P0GpUOEIPw
MdsrLguZd14,Film & Animation,UC0jDoh3tVXCaqJ6oTve8ebA,2,0.9198759730343774,https://www.youtube.com/watch?v=MdsrLguZd14
qhUhGKVampw,Film & Animation,UC0jDoh3tVXCaqJ6oTve8ebA,2,0.9193872848437854,https://www.youtube.com/watch?v=qhUhGKVampw
OScAOm_8HS0,Film & Animation,UC0jDoh3tVXCaqJ6oTve8ebA,2,0.9489123035186297,https://www.youtube.com/watch?v=OScAOm_8HS0
RPnIq_59dJc,Film & Animation,UC0jDoh3tVXCaqJ6oTve8ebA,2,0.9396819772875828,https://www.youtube.com/watch?v=RPnIq_59dJc
rkO84Kcl-Ao,Film & Animation,UC0jDoh3tVXCaqJ6oTve8ebA,2,0.9446374516835097,https://www.youtube.com/watch?v=rkO84Kcl-Ao
mYlV1ZjKYVM,Film & Animation,UC0jDoh3tVXCaqJ6oTve8ebA,1,0.8924205517315521,https://www.youtube.com/watch?v=mYlV1ZjKYVM
53OAw5hYrUM,Film & Animation,UC0jDoh3tVXCaqJ6oTve8ebA,2,0.9523158539073658,https://www.youtube.com/watch?v=53OAw5hYrUM
jRvtkM8GrQk,Film & Animation,UC0jDoh3tVXCaqJ6oTve8ebA,2,0.9525310992176356,https://www.youtube.com/watch?v=jRvtkM8GrQk
dOPniUsYnNo,Film & Animation,UC0jDoh3tVXCaqJ6oTve8ebA,2,0.9524213373984176,https://www.youtube.com/watch?v=dOPniUsYnNo
dVvslK05bIA,Film & Animation,UC0jDoh3tVXCaqJ6oTve8ebA,2,0.9272984328640554,https://www.youtube.com/watch?v=dVvslK05bIA
XKEU9BS8xRU,Film & Animation,UC0jDoh3tVXCaqJ6oTve8ebA,2,0.928659698,https://www.youtube.com/watch?v=XKEU9BS8xRU
cER7o35RBzg,Film & Animation,UC0jDoh3tVXCaqJ6oTve8ebA,2,0.9534883720930232,https://www.youtube.com/watch?v=cER7o35RBzg
stOJuXUwYME,Film & Animation,UC0jDoh3tVXCaqJ6oTve8ebA,2,0.9535127667195415,https://www.youtube.com/watch?v=stOJuXUwYME
rw_VU5AtdjM,Film & Animation,UC0jDoh3tVXCaqJ6oTve8ebA,2,0.9531429539049554,https://www.youtube.com/watch?v=rw_VU5AtdjM
8jT8aq2-qAA,Music,UC0jDoh3tVXCaqJ6oTve8ebA,2,0.956043956,https://www.youtube.com/watch?v=8jT8aq2-qAA
lfSH5dw79DY,Film & Animation,UC0jDoh3tVXCaqJ6oTve8ebA,2,0.9049442896935932,https://www.youtube.com/watch?v=lfSH5dw79DY
6KwHTvix_rg,Film & Animation,UC0jDoh3tVXCaqJ6oTve8ebA,2,0.9419553212851406,https://www.youtube.com/watch?v=6KwHTvix_rg
RLc98Aor_oc,Film & Animation,UC0jDoh3tVXCaqJ6oTve8ebA,2,0.9218018740291628,https://www.youtube.com/watch?v=RLc98Aor_oc
UZWzZMadt-c,Entertainment,UC0jDoh3tVXCaqJ6oTve8ebA,2,0.9814885027990276,https://www.youtube.com/watch?v=UZWzZMadt-c
740nq6Lsyes,Film & Animation,UC0jDoh3tVXCaqJ6oTve8ebA,2,0.899601967,https://www.youtube.com/watch?v=740nq6Lsyes
EzUtfm8xAeE,Film & Animation,UC0jDoh3tVXCaqJ6oTve8ebA,2,0.9102263097206208,https://www.youtube.com/watch?v=EzUtfm8xAeE
9UajJWBhc6A,Film & Animation,UC0jDoh3tVXCaqJ6oTve8ebA,1,0.8741095101952236,https://www.youtube.com/watch?v=9UajJWBhc6A
oJqxHJYyOPc,Music,UC0jDoh3tVXCaqJ6oTve8ebA,2,0.9389793164229254,https://www.youtube.com/watch?v=oJqxHJYyOPc
KKi-dYsWTrQ,Comedy,UC0jDoh3tVXCaqJ6oTve8ebA,2,0.9503796464890442,https://www.youtube.com/watch?v=KKi-dYsWTrQ
jFsZVcWzoqc,Music,UC0jDoh3tVXCaqJ6oTve8ebA,0,0.7136298421807747,https://www.youtube.com/watch?v=jFsZVcWzoqc
NlGLzbTB_oA,Film & Animation,UC0jDoh3tVXCaqJ6oTve8ebA,2,0.9529271107033128,https://www.youtube.com/watch?v=NlGLzbTB_oA
wbZk7Mkgf9Q,Music,UC0jDoh3tVXCaqJ6oTve8ebA,2,0.9606267327041088,https://www.youtube.com/watch?v=wbZk7Mkgf9Q
00jjSp0rgPE,Music,UC0jDoh3tVXCaqJ6oTve8ebA,2,0.9720010821950138,https://www.youtube.com/watch?v=00jjSp0rgPE
ql_FFqSSV7s,Music,UC0jDoh3tVXCaqJ6oTve8ebA,2,0.96672905,https://www.youtube.com/watch?v=ql_FFqSSV7s
vZxxad3NuXw,Film & Animation,UC0jDoh3tVXCaqJ6oTve8ebA,2,0.9455639757304029,https://www.youtube.com/watch?v=vZxxad3NuXw
FIkKcpltyfc,Comedy,UC0jDoh3tVXCaqJ6oTve8ebA,2,0.9652693030772784,https://www.youtube.com/watch?v=FIkKcpltyfc
nu5DFUZcrs0,Comedy,UC0jDoh3tVXCaqJ6oTve8ebA,2,0.9678590246472688,https://www.youtube.com/watch?v=nu5DFUZcrs0
z5tRgsYSNjg,Comedy,UC0jDoh3tVXCaqJ6oTve8ebA,2,0.9412098191507456,https://www.youtube.com/watch?v=z5tRgsYSNjg
x2coDrIM3lE,Film & Animation,UC0jDoh3tVXCaqJ6oTve8ebA,2,0.9123400170648464,https://www.youtube.com/watch?v=x2coDrIM3lE
UjRJ5_lbhAc,Comedy,UC0jDoh3tVXCaqJ6oTve8ebA,2,0.9396246648793566,https://www.youtube.com/watch?v=UjRJ5_lbhAc
6mEZlxT2O2E,Comedy,UC0jDoh3tVXCaqJ6oTve8ebA,2,0.9609330116051936,https://www.youtube.com/watch?v=6mEZlxT2O2E
B-zNlSyIPDI,Film & Animation,UC0jDoh3tVXCaqJ6oTve8ebA,2,0.9031602995303972,https://www.youtube.com/watch?v=B-zNlSyIPDI
fDqKwtdS4iE,Entertainment,UC0jDoh3tVXCaqJ6oTve8ebA,2,0.9135029871267316,https://www.youtube.com/watch?v=fDqKwtdS4iE
hGsEr8KABhU,Comedy,UC0jDoh3tVXCaqJ6oTve8ebA,2,0.9586210291818976,https://www.youtube.com/watch?v=hGsEr8KABhU
HHLrhBancJQ,Comedy,UC0jDoh3tVXCaqJ6oTve8ebA,2,0.9267339119555869,https://www.youtube.com/watch?v=HHLrhBancJQ
k1Iq9loGrqg,Comedy,UC0jDoh3tVXCaqJ6oTve8ebA,2,0.9347230900312412,https://www.youtube.com/watch?v=k1Iq9loGrqg
LEt8Ch74sOc,Comedy,UC0jDoh3tVXCaqJ6oTve8ebA,2,0.9783057439567708,https://www.youtube.com/watch?v=LEt8Ch74sOc
N9FKczvIwOQ,Comedy,UC0jDoh3tVXCaqJ6oTve8ebA,2,0.9199425708890588,https://www.youtube.com/watch?v=N9FKczvIwOQ
lB8jKWLX0EA,Comedy,UC0jDoh3tVXCaqJ6oTve8ebA,2,0.9330032292787944,https://www.youtube.com/watch?v=lB8jKWLX0EA
PeFu6WQ7zWc,Entertainment,UC0jDoh3tVXCaqJ6oTve8ebA,2,0.9100909298483608,https://www.youtube.com/watch?v=PeFu6WQ7zWc
Kt1gRulV2MI,People & Blogs,UC0jDoh3tVXCaqJ6oTve8ebA,2,0.942069648,https://www.youtube.com/watch?v=Kt1gRulV2MI
qQkyla--rUA,Film & Animation,UC0jDoh3tVXCaqJ6oTve8ebA,2,0.9494057874972388,https://www.youtube.com/watch?v=qQkyla--rUA
WQKeP-LN9rk,Comedy,UC0jDoh3tVXCaqJ6oTve8ebA,2,0.9148917597765364,https://www.youtube.com/watch?v=WQKeP-LN9rk
4FLO4ic6GNg,Film & Animation,UC0jDoh3tVXCaqJ6oTve8ebA,1,0.8540041044817812,https://www.youtube.com/watch?v=4FLO4ic6GNg
GiccPlmJap4,Film & Animation,UC0jDoh3tVXCaqJ6oTve8ebA,2,0.9236788060700114,https://www.youtube.com/watch?v=GiccPlmJap4
9sckFiFdzHU,Film & Animation,UC0jDoh3tVXCaqJ6oTve8ebA,2,0.9216460223307746,https://www.youtube.com/watch?v=9sckFiFdzHU
GKTpUGkhvig,Film & Animation,UC0jDoh3tVXCaqJ6oTve8ebA,2,0.9096062119521674,https://www.youtube.com/watch?v=GKTpUGkhvig
oZux0y7yBZc,Comedy,UC0jDoh3tVXCaqJ6oTve8ebA,2,0.9052331522616038,https://www.youtube.com/watch?v=oZux0y7yBZc
jlfcBSulKSc,Film & Animation,UC0jDoh3tVXCaqJ6oTve8ebA,2,0.9146331744792082,https://www.youtube.com/watch?v=jlfcBSulKSc
r026ZaRhLjE,Comedy,UC0jDoh3tVXCaqJ6oTve8ebA,2,0.9472560975609756,https://www.youtube.com/watch?v=r026ZaRhLjE
r-9iBDPc68M,Film & Animation,UC0jDoh3tVXCaqJ6oTve8ebA,2,0.9303597623132196,https://www.youtube.com/watch?v=r-9iBDPc68M
6q_sAjeaJ6g,Comedy,UC0jDoh3tVXCaqJ6oTve8ebA,0,0.7364814877089149,https://www.youtube.com/watch?v=6q_sAjeaJ6g
ATd0zK5yRxQ,Film & Animation,UC0jDoh3tVXCaqJ6oTve8ebA,1,0.8907862709209955,https://www.youtube.com/watch?v=ATd0zK5yRxQ
Ou3DtTyil8c,Film & Animation,UC0jDoh3tVXCaqJ6oTve8ebA,1,0.8800442402437585,https://www.youtube.com/watch?v=Ou3DtTyil8c
Y_omT5v3oQc,Film & Animation,UC0jDoh3tVXCaqJ6oTve8ebA,2,0.9594486713696868,https://www.youtube.com/watch?v=Y_omT5v3oQc
w--xbFMH6-8,Film & Animation,UC0jDoh3tVXCaqJ6oTve8ebA,2,0.9453128155418232,https://www.youtube.com/watch?v=w--xbFMH6-8
N9CwNWb6S5s,Comedy,UC0jDoh3tVXCaqJ6oTve8ebA,2,0.940186156,https://www.youtube.com/watch?v=N9CwNWb6S5s
VUplNmhJa6Y,Film & Animation,UC0jDoh3tVXCaqJ6oTve8ebA,2,0.9355574641687692,https://www.youtube.com/watch?v=VUplNmhJa6Y
cAzNskg5nkU,Film & Animation,UC0jDoh3tVXCaqJ6oTve8ebA,2,0.9160955471238592,https://www.youtube.com/watch?v=cAzNskg5nkU
DaIiszLPRSU,Film & Animation,UC0jDoh3tVXCaqJ6oTve8ebA,2,0.9322408396243784,https://www.youtube.com/watch?v=DaIiszLPRSU
zOGTNQfUl-A,Film & Animation,UC0jDoh3tVXCaqJ6oTve8ebA,2,0.9624364829227504,https://www.youtube.com/watch?v=zOGTNQfUl-A
NecCbJAz1Fk,Film & Animation,UC0jDoh3tVXCaqJ6oTve8ebA,1,0.8938508529842171,https://www.youtube.com/watch?v=NecCbJAz1Fk
its8LNboFFo,Film & Animation,UC0jDoh3tVXCaqJ6oTve8ebA,2,0.9291299644568072,https://www.youtube.com/watch?v=its8LNboFFo
NKMZH817pto,Film & Animation,UC0jDoh3tVXCaqJ6oTve8ebA,2,0.952803977,https://www.youtube.com/watch?v=NKMZH817pto
DrUGGcuzn3g,Film & Animation,UC0jDoh3tVXCaqJ6oTve8ebA,2,0.9759438404246212,https://www.youtube.com/watch?v=DrUGGcuzn3g
ewdJKS_4kkg,Film & Animation,UC0jDoh3tVXCaqJ6oTve8ebA,2,0.9578028373954164,https://www.youtube.com/watch?v=ewdJKS_4kkg
I_ue3KU-TeQ,Film & Animation,UC0jDoh3tVXCaqJ6oTve8ebA,2,0.9620120842131672,https://www.youtube.com/watch?v=I_ue3KU-TeQ
rYOi82Av3is,Film & Animation,UC0jDoh3tVXCaqJ6oTve8ebA,2,0.9202492869969368,https://www.youtube.com/watch?v=rYOi82Av3is
NUl74k5YeK8,Film & Animation,UC0jDoh3tVXCaqJ6oTve8ebA,2,0.9584753572340592,https://www.youtube.com/watch?v=NUl74k5YeK8
6g325_467b4,Film & Animation,UC0jDoh3tVXCaqJ6oTve8ebA,2,0.95609786,https://www.youtube.com/watch?v=6g325_467b4
c70VSP8O7Ac,Comedy,UC0jDoh3tVXCaqJ6oTve8ebA,2,0.9614149863787812,https://www.youtube.com/watch?v=c70VSP8O7Ac
kK-TOQuegas,Film & Animation,UC0jDoh3tVXCaqJ6oTve8ebA,2,0.9249909145972138,https://www.youtube.com/watch?v=kK-TOQuegas
qKLYPPpB8Qc,Comedy,UC0jDoh3tVXCaqJ6oTve8ebA,2,0.9357391606436252,https://www.youtube.com/watch?v=qKLYPPpB8Qc
UpcwjQtEfKI,Film & Animation,UC0jDoh3tVXCaqJ6oTve8ebA,2,0.9588808096270784,https://www.youtube.com/watch?v=UpcwjQtEfKI
YK9DoByZ4SQ,Music,UC0jDoh3tVXCaqJ6oTve8ebA,2,0.9768734212742072,https://www.youtube.com/watch?v=YK9DoByZ4SQ
Cslmapv8Rq4,Comedy,UC0jDoh3tVXCaqJ6oTve8ebA,2,0.9409707039790118,https://www.youtube.com/watch?v=Cslmapv8Rq4
0OOsoZXm2R4,Comedy,UC0jDoh3tVXCaqJ6oTve8ebA,2,0.9629851769342817,https://www.youtube.com/watch?v=0OOsoZXm2R4
c-tyFOXpN1s,Comedy,UC0jDoh3tVXCaqJ6oTve8ebA,2,0.9674852992044276,https://www.youtube.com/watch?v=c-tyFOXpN1s
ZqqYjlknlSA,Comedy,UC0jDoh3tVXCaqJ6oTve8ebA,2,0.96069674,https://www.youtube.com/watch?v=ZqqYjlknlSA
dmgcAmkYzyU,Comedy,UC0jDoh3tVXCaqJ6oTve8ebA,2,0.9347217904880324,https://www.youtube.com/watch?v=dmgcAmkYzyU
lRej1Ryrprk,Comedy,UC0jDoh3tVXCaqJ6oTve8ebA,2,0.9201566736968968,https://www.youtube.com/watch?v=lRej1Ryrprk
M7BO3QX8awo,Comedy,UC0jDoh3tVXCaqJ6oTve8ebA,2,0.9020024611254056,https://www.youtube.com/watch?v=M7BO3QX8awo
6igPRhqwe2Y,Comedy,UC0jDoh3tVXCaqJ6oTve8ebA,2,0.9272967614011896,https://www.youtube.com/watch?v=6igPRhqwe2Y
Blpedb6Ud0U,Comedy,UC0jDoh3tVXCaqJ6oTve8ebA,2,0.9273429273429272,https://www.youtube.com/watch?v=Blpedb6Ud0U
dE0o_L5N5ZI,Comedy,UC0jDoh3tVXCaqJ6oTve8ebA,2,0.918457649,https://www.youtube.com/watch?v=dE0o_L5N5ZI
IH6GAav_Jec,Comedy,UC0jDoh3tVXCaqJ6oTve8ebA,2,0.9190353143841516,https://www.youtube.com/watch?v=IH6GAav_Jec
Gq1Kh54ORPo,Comedy,UC0jDoh3tVXCaqJ6oTve8ebA,2,0.927710843,https://www.youtube.com/watch?v=Gq1Kh54ORPo
Wj_hzcZ5ZNo,Comedy,UC0jDoh3tVXCaqJ6oTve8ebA,2,0.947665469,https://www.youtube.com/watch?v=Wj_hzcZ5ZNo
QopvYVf816o,Comedy,UC0jDoh3tVXCaqJ6oTve8ebA,2,0.9564867042707494,https://www.youtube.com/watch?v=QopvYVf816o
NUTGfb2f3Dg,Comedy,UC0jDoh3tVXCaqJ6oTve8ebA,2,0.9061075660893344,https://www.youtube.com/watch?v=NUTGfb2f3Dg
pCQWhVCZ_-Q,Comedy,UC0jDoh3tVXCaqJ6oTve8ebA,2,0.9211596484323756,https://www.youtube.com/watch?v=pCQWhVCZ_-Q
EVJx3NrynkQ,Comedy,UC0jDoh3tVXCaqJ6oTve8ebA,2,0.9167489555639956,https://www.youtube.com/watch?v=EVJx3NrynkQ
JHbzb0Bxl8g,Comedy,UC0jDoh3tVXCaqJ6oTve8ebA,2,0.9440653693875832,https://www.youtube.com/watch?v=JHbzb0Bxl8g
WpBBqVDhSNE,Comedy,UC0jDoh3tVXCaqJ6oTve8ebA,2,0.9480189554936732,https://www.youtube.com/watch?v=WpBBqVDhSNE
qQ_h3apNhyo,Comedy,UC0jDoh3tVXCaqJ6oTve8ebA,2,0.9273708038337428,https://www.youtube.com/watch?v=qQ_h3apNhyo
D9w-5LqvJbg,Comedy,UC0jDoh3tVXCaqJ6oTve8ebA,2,0.9340951368588892,https://www.youtube.com/watch?v=D9w-5LqvJbg
tAyqv7qX1BA,Comedy,UC0jDoh3tVXCaqJ6oTve8ebA,2,0.9267241379310344,https://www.youtube.com/watch?v=tAyqv7qX1BA
tTR8iQOALuI,Comedy,UC0jDoh3tVXCaqJ6oTve8ebA,2,0.9288661346182804,https://www.youtube.com/watch?v=tTR8iQOALuI
W8cxXFDh8XE,Comedy,UC0jDoh3tVXCaqJ6oTve8ebA,2,0.9175349146530702,https://www.youtube.com/watch?v=W8cxXFDh8XE
S7ahj_3xB4Q,Film & Animation,UC0jDoh3tVXCaqJ6oTve8ebA,2,0.9466929911154984,https://www.youtube.com/watch?v=S7ahj_3xB4Q
DaCtL3pjcFs,Comedy,UC0jDoh3tVXCaqJ6oTve8ebA,2,0.9329747621017792,https://www.youtube.com/watch?v=DaCtL3pjcFs
QWLAmWTMyn0,Comedy,UC0jDoh3tVXCaqJ6oTve8ebA,2,0.9553292823123666,https://www.youtube.com/watch?v=QWLAmWTMyn0
EPZ52PsXnhM,Comedy,UC0jDoh3tVXCaqJ6oTve8ebA,2,0.9468608541625664,https://www.youtube.com/watch?v=EPZ52PsXnhM
CvrMDv5pTYs,Comedy,UC0jDoh3tVXCaqJ6oTve8ebA,2,0.9296541,https://www.youtube.com/watch?v=CvrMDv5pTYs
l597gJSeGzI,Comedy,UC0jDoh3tVXCaqJ6oTve8ebA,2,0.9459004315335228,https://www.youtube.com/watch?v=l597gJSeGzI
YciY67GpIzQ,Comedy,UC0jDoh3tVXCaqJ6oTve8ebA,2,0.9361936193619362,https://www.youtube.com/watch?v=YciY67GpIzQ
NvpTlxziG6s,Comedy,UC0jDoh3tVXCaqJ6oTve8ebA,2,0.9244573577166296,https://www.youtube.com/watch?v=NvpTlxziG6s
u_fHTCxKMZc,Comedy,UC0jDoh3tVXCaqJ6oTve8ebA,2,0.9442896935933148,https://www.youtube.com/watch?v=u_fHTCxKMZc
mvtuXVYaPSA,Comedy,UC0jDoh3tVXCaqJ6oTve8ebA,2,0.9645034788108792,https://www.youtube.com/watch?v=mvtuXVYaPSA
Fe559bxXtI4,Comedy,UC0jDoh3tVXCaqJ6oTve8ebA,2,0.9507515700151464,https://www.youtube.com/watch?v=Fe559bxXtI4
O2boAClXEZU,Comedy,UC0jDoh3tVXCaqJ6oTve8ebA,2,0.9605901574413308,https://www.youtube.com/watch?v=O2boAClXEZU
OkhZRWHKVAM,Comedy,UC0jDoh3tVXCaqJ6oTve8ebA,2,0.9210901862847533,https://www.youtube.com/watch?v=OkhZRWHKVAM
pOnlSqOByMQ,Comedy,UC0jDoh3tVXCaqJ6oTve8ebA,2,0.9110254957507082,https://www.youtube.com/watch?v=pOnlSqOByMQ
eYLQz_n6sIo,Comedy,UC0jDoh3tVXCaqJ6oTve8ebA,2,0.9637922567458158,https://www.youtube.com/watch?v=eYLQz_n6sIo
BOJPyNHmgoA,Comedy,UC0jDoh3tVXCaqJ6oTve8ebA,2,0.9262125558743078,https://www.youtube.com/watch?v=BOJPyNHmgoA
wkxl-aDkUo4,Comedy,UC0jDoh3tVXCaqJ6oTve8ebA,2,0.9228511530398325,https://www.youtube.com/watch?v=wkxl-aDkUo4
CtcGIU-Tbpw,Comedy,UC0jDoh3tVXCaqJ6oTve8ebA,1,0.8671416102474582,https://www.youtube.com/watch?v=CtcGIU-Tbpw
ULjkRyADJC8,Comedy,UC0jDoh3tVXCaqJ6oTve8ebA,2,0.9116166700221462,https://www.youtube.com/watch?v=ULjkRyADJC8
b3UhCnjH77Q,Comedy,UC0jDoh3tVXCaqJ6oTve8ebA,2,0.9208161894365606,https://www.youtube.com/watch?v=b3UhCnjH77Q
GKRppaLQrI8,Comedy,UC0jDoh3tVXCaqJ6oTve8ebA,2,0.9216414186775242,https://www.youtube.com/watch?v=GKRppaLQrI8
0T0-ui462rI,Comedy,UC0jDoh3tVXCaqJ6oTve8ebA,2,0.9772858051424936,https://www.youtube.com/watch?v=0T0-ui462rI
r0AcOcBWhJM,Comedy,UC0jDoh3tVXCaqJ6oTve8ebA,1,0.879204794,https://www.youtube.com/watch?v=r0AcOcBWhJM
Tv8EALRlXik,Comedy,UC0jDoh3tVXCaqJ6oTve8ebA,2,0.9568626051369904,https://www.youtube.com/watch?v=Tv8EALRlXik
UbcilIJERVw,Comedy,UC0jDoh3tVXCaqJ6oTve8ebA,2,0.9613531047265989,https://www.youtube.com/watch?v=UbcilIJERVw
rVoo2Fk1HA8,Comedy,UC0jDoh3tVXCaqJ6oTve8ebA,2,0.9327747765622604,https://www.youtube.com/watch?v=rVoo2Fk1HA8
qtFzue-tVDk,Comedy,UC0jDoh3tVXCaqJ6oTve8ebA,2,0.9607281531897304,https://www.youtube.com/watch?v=qtFzue-tVDk
xSt1CtwZLns,Comedy,UC0jDoh3tVXCaqJ6oTve8ebA,2,0.9570870316835424,https://www.youtube.com/watch?v=xSt1CtwZLns
zChDZaHMQvw,Comedy,UC0jDoh3tVXCaqJ6oTve8ebA,2,0.9575844287460132,https://www.youtube.com/watch?v=zChDZaHMQvw
USrZBlDjTec,Comedy,UC0jDoh3tVXCaqJ6oTve8ebA,2,0.9573969122532734,https://www.youtube.com/watch?v=USrZBlDjTec
cKDXvLeri5E,Comedy,UC0jDoh3tVXCaqJ6oTve8ebA,2,0.9548038264245112,https://www.youtube.com/watch?v=cKDXvLeri5E
b8P4WZxvZlI,Comedy,UC0jDoh3tVXCaqJ6oTve8ebA,2,0.9491472087607778,https://www.youtube.com/watch?v=b8P4WZxvZlI
r8a7UMc5G0w,Comedy,UC0jDoh3tVXCaqJ6oTve8ebA,2,0.9095449070584838,https://www.youtube.com/watch?v=r8a7UMc5G0w
c3HIIHiL0M8,Comedy,UC0jDoh3tVXCaqJ6oTve8ebA,2,0.9529527820461746,https://www.youtube.com/watch?v=c3HIIHiL0M8
4uY_B6MFzEE,Comedy,UC0jDoh3tVXCaqJ6oTve8ebA,2,0.9274586135032048,https://www.youtube.com/watch?v=4uY_B6MFzEE
MkyoAnnDeh0,Comedy,UC0jDoh3tVXCaqJ6oTve8ebA,2,0.8997883340851521,https://www.youtube.com/watch?v=MkyoAnnDeh0
UD0Z-JFMQds,Comedy,UC0jDoh3tVXCaqJ6oTve8ebA,2,0.956691094,https://www.youtube.com/watch?v=UD0Z-JFMQds
NIpnZjxfXPM,Education,UCA7QBnEDwHAEFTQpaNDT5Iw,0,0.1957755021943126,https://www.youtube.com/watch?v=NIpnZjxfXPM
B9Laugq_Q9I,Education,UCA7QBnEDwHAEFTQpaNDT5Iw,0,0.187017832,https://www.youtube.com/watch?v=B9Laugq_Q9I
WzTYbbcGWqY,Education,UCA7QBnEDwHAEFTQpaNDT5Iw,0,0.217348139,https://www.youtube.com/watch?v=WzTYbbcGWqY
EoOhtXgRitU,Education,UCA7QBnEDwHAEFTQpaNDT5Iw,0,0.1752865349328268,https://www.youtube.com/watch?v=EoOhtXgRitU
pLsEznkXjHg,Education,UCA7QBnEDwHAEFTQpaNDT5Iw,0,0.2912686638846494,https://www.youtube.com/watch?v=pLsEznkXjHg
0f6p3EUUgE8,Education,UCA7QBnEDwHAEFTQpaNDT5Iw,0,0.2912146070388992,https://www.youtube.com/watch?v=0f6p3EUUgE8
FcF37s_3aAE,Education,UCA7QBnEDwHAEFTQpaNDT5Iw,0,0.2961999983595935,https://www.youtube.com/watch?v=FcF37s_3aAE
fFjTqeM70U4,Education,UCA7QBnEDwHAEFTQpaNDT5Iw,0,0.1960674506875739,https://www.youtube.com/watch?v=fFjTqeM70U4
uhVfR3_JXJw,Education,UCA7QBnEDwHAEFTQpaNDT5Iw,0,0.1994860062055348,https://www.youtube.com/watch?v=uhVfR3_JXJw
UDO58ea-CDw,Education,UCA7QBnEDwHAEFTQpaNDT5Iw,0,0.188898419,https://www.youtube.com/watch?v=UDO58ea-CDw
mVO8iUPjvhg,Education,UCA7QBnEDwHAEFTQpaNDT5Iw,0,0.3433326484487364,https://www.youtube.com/watch?v=mVO8iUPjvhg
NoYtUZnEZKM,Education,UCA7QBnEDwHAEFTQpaNDT5Iw,0,0.2512127580179508,https://www.youtube.com/watch?v=NoYtUZnEZKM
BsS0KTvXQCM,Education,UCA7QBnEDwHAEFTQpaNDT5Iw,0,0.1773441137874105,https://www.youtube.com/watch?v=BsS0KTvXQCM
DTmKVqlAm_E,Education,UCA7QBnEDwHAEFTQpaNDT5Iw,0,0.2479370545152858,https://www.youtube.com/watch?v=DTmKVqlAm_E
fZVFx8V2YNo,Education,UCA7QBnEDwHAEFTQpaNDT5Iw,0,0.2619114181876273,https://www.youtube.com/watch?v=fZVFx8V2YNo
L1j6uFmWlAk,Education,UCA7QBnEDwHAEFTQpaNDT5Iw,0,0.230851434,https://www.youtube.com/watch?v=L1j6uFmWlAk
OVrCKqaiBeE,Education,UCA7QBnEDwHAEFTQpaNDT5Iw,0,0.2032736693358455,https://www.youtube.com/watch?v=OVrCKqaiBeE
d8yc__3rvzE,Education,UCA7QBnEDwHAEFTQpaNDT5Iw,0,0.2100330419779611,https://www.youtube.com/watch?v=d8yc__3rvzE
WAPTksVOpJc,Education,UCA7QBnEDwHAEFTQpaNDT5Iw,0,0.1797433602436181,https://www.youtube.com/watch?v=WAPTksVOpJc
XmEGZ39BhjA,Education,UCA7QBnEDwHAEFTQpaNDT5Iw,0,0.1985135116443124,https://www.youtube.com/watch?v=XmEGZ39BhjA
SzqKeGu6RI0,Education,UCA7QBnEDwHAEFTQpaNDT5Iw,0,0.1492648929526863,https://www.youtube.com/watch?v=SzqKeGu6RI0
IHrbaFQHAds,Education,UCA7QBnEDwHAEFTQpaNDT5Iw,0,0.1809182058047493,https://www.youtube.com/watch?v=IHrbaFQHAds
jh2wXnuckEs,Education,UCA7QBnEDwHAEFTQpaNDT5Iw,0,0.3500166833500167,https://www.youtube.com/watch?v=jh2wXnuckEs
CHTIo_RA8p0,Education,UCA7QBnEDwHAEFTQpaNDT5Iw,0,0.1421908467573288,https://www.youtube.com/watch?v=CHTIo_RA8p0
EunpsBc-0xA,Education,UCA7QBnEDwHAEFTQpaNDT5Iw,0,0.2916729559748428,https://www.youtube.com/watch?v=EunpsBc-0xA
ehWEM8eM8FI,Education,UCA7QBnEDwHAEFTQpaNDT5Iw,0,0.2022129495053682,https://www.youtube.com/watch?v=ehWEM8eM8FI
dGEx8Sr7mf4,Education,UCA7QBnEDwHAEFTQpaNDT5Iw,0,0.270429998,https://www.youtube.com/watch?v=dGEx8Sr7mf4
t-DkMKcbQmg,Education,UCA7QBnEDwHAEFTQpaNDT5Iw,0,0.2146295144232343,https://www.youtube.com/watch?v=t-DkMKcbQmg
YFzurItuSoM,Education,UCA7QBnEDwHAEFTQpaNDT5Iw,0,0.1789322070187048,https://www.youtube.com/watch?v=YFzurItuSoM
OhiUEMzdPRw,Education,UCA7QBnEDwHAEFTQpaNDT5Iw,0,0.2827179753856821,https://www.youtube.com/watch?v=OhiUEMzdPRw
JXf77cgsPPM,Education,UCA7QBnEDwHAEFTQpaNDT5Iw,0,0.200990199,https://www.youtube.com/watch?v=JXf77cgsPPM
8KNAJkQUsqE,Education,UCA7QBnEDwHAEFTQpaNDT5Iw,0,0.2321757905627277,https://www.youtube.com/watch?v=8KNAJkQUsqE
cis-g8PxwTU,Education,UCA7QBnEDwHAEFTQpaNDT5Iw,0,0.2699502364115076,https://www.youtube.com/watch?v=cis-g8PxwTU
4TOR13Q3b8U,Education,UCA7QBnEDwHAEFTQpaNDT5Iw,0,0.1922443150609689,https://www.youtube.com/watch?v=4TOR13Q3b8U
OIIwXyqjt8w,Education,UCA7QBnEDwHAEFTQpaNDT5Iw,0,0.2754577247479942,https://www.youtube.com/watch?v=OIIwXyqjt8w
DuOXNFV3Gyw,Education,UCA7QBnEDwHAEFTQpaNDT5Iw,0,0.307727067,https://www.youtube.com/watch?v=DuOXNFV3Gyw
rdimWW4aWn8,Education,UCA7QBnEDwHAEFTQpaNDT5Iw,0,0.2606990766117131,https://www.youtube.com/watch?v=rdimWW4aWn8
8pWOQ5s0drU,Education,UCA7QBnEDwHAEFTQpaNDT5Iw,0,0.2180657759135041,https://www.youtube.com/watch?v=8pWOQ5s0drU
FPyJvopVA3Q,Education,UCA7QBnEDwHAEFTQpaNDT5Iw,0,0.1718340440514847,https://www.youtube.com/watch?v=FPyJvopVA3Q
EjlSxc0Mwbg,Education,UCA7QBnEDwHAEFTQpaNDT5Iw,0,0.1556220290541841,https://www.youtube.com/watch?v=EjlSxc0Mwbg
F4LAgh4QrRY,Education,UCA7QBnEDwHAEFTQpaNDT5Iw,0,0.1380459096974875,https://www.youtube.com/watch?v=F4LAgh4QrRY
Wwjczi0vGVo,Education,UCA7QBnEDwHAEFTQpaNDT5Iw,0,0.2479080034909389,https://www.youtube.com/watch?v=Wwjczi0vGVo
QFyyO8HoUBM,Education,UCA7QBnEDwHAEFTQpaNDT5Iw,0,0.2312130903429954,https://www.youtube.com/watch?v=QFyyO8HoUBM
znnVxNeGeLo,Education,UCA7QBnEDwHAEFTQpaNDT5Iw,0,0.1819478231691972,https://www.youtube.com/watch?v=znnVxNeGeLo
ABh_KPtPw2E,Education,UCA7QBnEDwHAEFTQpaNDT5Iw,0,0.2472883135059482,https://www.youtube.com/watch?v=ABh_KPtPw2E
DDZ88CQEGZE,Education,UCA7QBnEDwHAEFTQpaNDT5Iw,0,0.1921201705811215,https://www.youtube.com/watch?v=DDZ88CQEGZE
UPdLrCDU_7M,Education,UCA7QBnEDwHAEFTQpaNDT5Iw,0,0.2300752654912877,https://www.youtube.com/watch?v=UPdLrCDU_7M
DDo1aCul9Wc,Education,UCA7QBnEDwHAEFTQpaNDT5Iw,0,0.1848468773854653,https://www.youtube.com/watch?v=DDo1aCul9Wc
diWI3VAQr28,Education,UCA7QBnEDwHAEFTQpaNDT5Iw,0,0.2458829128986197,https://www.youtube.com/watch?v=diWI3VAQr28
P2km0MIVxpE,Education,UCA7QBnEDwHAEFTQpaNDT5Iw,0,0.1980855839117704,https://www.youtube.com/watch?v=P2km0MIVxpE
r-jErLcJp8c,Education,UCA7QBnEDwHAEFTQpaNDT5Iw,0,0.1786324606004346,https://www.youtube.com/watch?v=r-jErLcJp8c
YQaWLpoNwjs,Education,UCA7QBnEDwHAEFTQpaNDT5Iw,0,0.2846416382252559,https://www.youtube.com/watch?v=YQaWLpoNwjs
ALSWCInMms4,Education,UCA7QBnEDwHAEFTQpaNDT5Iw,0,0.1726092673914855,https://www.youtube.com/watch?v=ALSWCInMms4
e7djj0bPVZY,Education,UCA7QBnEDwHAEFTQpaNDT5Iw,0,0.1491267306752103,https://www.youtube.com/watch?v=e7djj0bPVZY
yxn6Rvp4SWM,Education,UCA7QBnEDwHAEFTQpaNDT5Iw,0,0.1094710947109471,https://www.youtube.com/watch?v=yxn6Rvp4SWM
OQgL4Dg1fas,Education,UCA7QBnEDwHAEFTQpaNDT5Iw,0,0.2191965379276557,https://www.youtube.com/watch?v=OQgL4Dg1fas
8XTseevKCtg,Education,UCA7QBnEDwHAEFTQpaNDT5Iw,0,0.1870550798805891,https://www.youtube.com/watch?v=8XTseevKCtg
z4_3-RLfzK8,Education,UCA7QBnEDwHAEFTQpaNDT5Iw,0,0.1782359245949183,https://www.youtube.com/watch?v=z4_3-RLfzK8
gdSzADybgCk,Education,UCA7QBnEDwHAEFTQpaNDT5Iw,0,0.215034687,https://www.youtube.com/watch?v=gdSzADybgCk
p8jGtgyL4Ok,Education,UCA7QBnEDwHAEFTQpaNDT5Iw,0,0.2137359846857053,https://www.youtube.com/watch?v=p8jGtgyL4Ok
qyj6y_J3qiA,Education,UCA7QBnEDwHAEFTQpaNDT5Iw,0,0.1757449997117989,https://www.youtube.com/watch?v=qyj6y_J3qiA
zyTSiA9HtLI,Education,UCA7QBnEDwHAEFTQpaNDT5Iw,0,0.2547131822674525,https://www.youtube.com/watch?v=zyTSiA9HtLI
uhzFhzMLp9A,Education,UCA7QBnEDwHAEFTQpaNDT5Iw,0,0.1571267711363423,https://www.youtube.com/watch?v=uhzFhzMLp9A
xucHjnnwt-c,Education,UCA7QBnEDwHAEFTQpaNDT5Iw,0,0.2603033552933966,https://www.youtube.com/watch?v=xucHjnnwt-c
cAn5nuhG3Fs,Education,UCA7QBnEDwHAEFTQpaNDT5Iw,0,0.1780569745501403,https://www.youtube.com/watch?v=cAn5nuhG3Fs
AN1xz5fK6S8,Education,UCA7QBnEDwHAEFTQpaNDT5Iw,0,0.2578170070381908,https://www.youtube.com/watch?v=AN1xz5fK6S8
XoGkObJ24HU,Education,UCA7QBnEDwHAEFTQpaNDT5Iw,0,0.1288090469737489,https://www.youtube.com/watch?v=XoGkObJ24HU
Hdl7Zzv7v8Q,Education,UCA7QBnEDwHAEFTQpaNDT5Iw,0,0.2511937401805243,https://www.youtube.com/watch?v=Hdl7Zzv7v8Q
v06eBmmYW_8,Education,UCA7QBnEDwHAEFTQpaNDT5Iw,0,0.1983509318076648,https://www.youtube.com/watch?v=v06eBmmYW_8
uzDCpNe-k8A,Education,UCA7QBnEDwHAEFTQpaNDT5Iw,0,0.1076867799439022,https://www.youtube.com/watch?v=uzDCpNe-k8A
8aqzHOD1GCI,Education,UCA7QBnEDwHAEFTQpaNDT5Iw,0,0.2924140912038037,https://www.youtube.com/watch?v=8aqzHOD1GCI
oTZdHk2sBxU,Education,UCA7QBnEDwHAEFTQpaNDT5Iw,0,0.2483925215154812,https://www.youtube.com/watch?v=oTZdHk2sBxU
RCjelwYHHx0,Education,UCA7QBnEDwHAEFTQpaNDT5Iw,0,0.3352004267642128,https://www.youtube.com/watch?v=RCjelwYHHx0
peAFMopkYmc,Education,UCA7QBnEDwHAEFTQpaNDT5Iw,0,0.2227318045862412,https://www.youtube.com/watch?v=peAFMopkYmc
oMK4InMvXLs,Education,UCA7QBnEDwHAEFTQpaNDT5Iw,0,0.1980398667292565,https://www.youtube.com/watch?v=oMK4InMvXLs
zTqUGg2GOxA,Education,UCA7QBnEDwHAEFTQpaNDT5Iw,0,0.1825387035095294,https://www.youtube.com/watch?v=zTqUGg2GOxA
Jr1yHdsc-pI,Education,UCA7QBnEDwHAEFTQpaNDT5Iw,0,0.1665476909560156,https://www.youtube.com/watch?v=Jr1yHdsc-pI
pNtXmtPlPfE,Education,UCA7QBnEDwHAEFTQpaNDT5Iw,0,0.1433862532338216,https://www.youtube.com/watch?v=pNtXmtPlPfE
hK6qaubkR1M,Education,UCA7QBnEDwHAEFTQpaNDT5Iw,0,0.2271598951658527,https://www.youtube.com/watch?v=hK6qaubkR1M
jpqCNoeC_Qg,Education,UCA7QBnEDwHAEFTQpaNDT5Iw,0,0.2001012786428662,https://www.youtube.com/watch?v=jpqCNoeC_Qg
Zpu-fHO4kRc,Education,UCA7QBnEDwHAEFTQpaNDT5Iw,0,0.2416021459489117,https://www.youtube.com/watch?v=Zpu-fHO4kRc
thFUjlpW2Ko,Education,UCA7QBnEDwHAEFTQpaNDT5Iw,0,0.2852020860495436,https://www.youtube.com/watch?v=thFUjlpW2Ko
B3MQKYdzjhE,Education,UCA7QBnEDwHAEFTQpaNDT5Iw,0,0.1923638056805836,https://www.youtube.com/watch?v=B3MQKYdzjhE
hSPjkVCca50,Education,UCA7QBnEDwHAEFTQpaNDT5Iw,0,0.240320963,https://www.youtube.com/watch?v=hSPjkVCca50
MZU4G69RgHQ,Education,UCA7QBnEDwHAEFTQpaNDT5Iw,0,0.1370545519848597,https://www.youtube.com/watch?v=MZU4G69RgHQ
DfLOnF_JOM4,Education,UCA7QBnEDwHAEFTQpaNDT5Iw,0,0.2016225244571701,https://www.youtube.com/watch?v=DfLOnF_JOM4
ttG3b07WFro,Education,UCA7QBnEDwHAEFTQpaNDT5Iw,0,0.038916816,https://www.youtube.com/watch?v=ttG3b07WFro
zYJ3nLo1M00,Education,UCA7QBnEDwHAEFTQpaNDT5Iw,0,0.217338101,https://www.youtube.com/watch?v=zYJ3nLo1M00
AJ1JUYqdO38,Education,UCA7QBnEDwHAEFTQpaNDT5Iw,0,0.2512356682737106,https://www.youtube.com/watch?v=AJ1JUYqdO38
4u0HBLuD_w8,Education,UCA7QBnEDwHAEFTQpaNDT5Iw,0,0.1714321181776803,https://www.youtube.com/watch?v=4u0HBLuD_w8
P3oSSpn_H9Q,Education,UCA7QBnEDwHAEFTQpaNDT5Iw,0,0.1724376979621108,https://www.youtube.com/watch?v=P3oSSpn_H9Q
tnIEkLeENVs,Education,UCA7QBnEDwHAEFTQpaNDT5Iw,0,0.2259543506428785,https://www.youtube.com/watch?v=tnIEkLeENVs
tcBKc-frwYU,Education,UCA7QBnEDwHAEFTQpaNDT5Iw,0,0.172316602,https://www.youtube.com/watch?v=tcBKc-frwYU
oCZirQkGCEU,Education,UCA7QBnEDwHAEFTQpaNDT5Iw,0,0.2543333490766542,https://www.youtube.com/watch?v=oCZirQkGCEU
unaL7KA_nck,Education,UCA7QBnEDwHAEFTQpaNDT5Iw,0,0.1368576252645597,https://www.youtube.com/watch?v=unaL7KA_nck
WkIVB7jQJVY,Education,UCA7QBnEDwHAEFTQpaNDT5Iw,0,0.1981441959729052,https://www.youtube.com/watch?v=WkIVB7jQJVY
rGn_xdiR-io,Education,UCA7QBnEDwHAEFTQpaNDT5Iw,0,0.1703644788073284,https://www.youtube.com/watch?v=rGn_xdiR-io
v0_zXiPqA-4,Education,UCA7QBnEDwHAEFTQpaNDT5Iw,0,0.2641629535327817,https://www.youtube.com/watch?v=v0_zXiPqA-4
LCd2Y0jQhH8,Education,UCA7QBnEDwHAEFTQpaNDT5Iw,0,0.1604189140596907,https://www.youtube.com/watch?v=LCd2Y0jQhH8
gbMiZEdKHmw,Education,UCA7QBnEDwHAEFTQpaNDT5Iw,0,0.1630674171051021,https://www.youtube.com/watch?v=gbMiZEdKHmw
zXy09KWf_NU,Education,UCA7QBnEDwHAEFTQpaNDT5Iw,0,0.1846447705567202,https://www.youtube.com/watch?v=zXy09KWf_NU
VPJrcyptXBI,Education,UCA7QBnEDwHAEFTQpaNDT5Iw,0,0.1675321484151036,https://www.youtube.com/watch?v=VPJrcyptXBI
bIHyH4-5RVE,Education,UCA7QBnEDwHAEFTQpaNDT5Iw,0,0.2053237755971763,https://www.youtube.com/watch?v=bIHyH4-5RVE
7z4wl_wEtsk,Education,UCA7QBnEDwHAEFTQpaNDT5Iw,0,0.1344296080030913,https://www.youtube.com/watch?v=7z4wl_wEtsk
gt2RBafLu2w,Education,UCA7QBnEDwHAEFTQpaNDT5Iw,0,0.1537349877909004,https://www.youtube.com/watch?v=gt2RBafLu2w
QR2QX-Rkd7Y,Education,UCA7QBnEDwHAEFTQpaNDT5Iw,0,0.2294558908387359,https://www.youtube.com/watch?v=QR2QX-Rkd7Y
enIemq4V7gc,Education,UCA7QBnEDwHAEFTQpaNDT5Iw,0,0.2497385147638587,https://www.youtube.com/watch?v=enIemq4V7gc
qNYoQIDD-Ps,Education,UCA7QBnEDwHAEFTQpaNDT5Iw,0,0.1713109205776173,https://www.youtube.com/watch?v=qNYoQIDD-Ps
hfZ9rLWciTk,Education,UCA7QBnEDwHAEFTQpaNDT5Iw,0,0.1767507116950859,https://www.youtube.com/watch?v=hfZ9rLWciTk
yWfOKZnOzKY,Education,UCA7QBnEDwHAEFTQpaNDT5Iw,0,0.1631937202555886,https://www.youtube.com/watch?v=yWfOKZnOzKY
Mh02yFgzVQI,Education,UCA7QBnEDwHAEFTQpaNDT5Iw,0,0.2276160767227822,https://www.youtube.com/watch?v=Mh02yFgzVQI
jIQE-5tV4x4,Education,UCA7QBnEDwHAEFTQpaNDT5Iw,0,0.087917643,https://www.youtube.com/watch?v=jIQE-5tV4x4
VL36vs6qw-U,Education,UCA7QBnEDwHAEFTQpaNDT5Iw,0,0.2092368346944522,https://www.youtube.com/watch?v=VL36vs6qw-U
EfJamWpFtm4,Education,UCA7QBnEDwHAEFTQpaNDT5Iw,0,0.1632264979428137,https://www.youtube.com/watch?v=EfJamWpFtm4
nbhj8O4zeiM,Education,UCA7QBnEDwHAEFTQpaNDT5Iw,0,0.1520942278226991,https://www.youtube.com/watch?v=nbhj8O4zeiM
P3LaUwW6d3E,Education,UCA7QBnEDwHAEFTQpaNDT5Iw,0,0.2312053366829053,https://www.youtube.com/watch?v=P3LaUwW6d3E
mP_IDVz7KIw,Education,UCA7QBnEDwHAEFTQpaNDT5Iw,0,0.2600361663652802,https://www.youtube.com/watch?v=mP_IDVz7KIw
QwpLlCBi7Y8,Education,UCA7QBnEDwHAEFTQpaNDT5Iw,0,0.2695264860278912,https://www.youtube.com/watch?v=QwpLlCBi7Y8
CTZrrgUnhUo,Education,UCA7QBnEDwHAEFTQpaNDT5Iw,0,0.1664442855160488,https://www.youtube.com/watch?v=CTZrrgUnhUo
x_4z1hdKnrw,Education,UCA7QBnEDwHAEFTQpaNDT5Iw,0,0.1191658391261171,https://www.youtube.com/watch?v=x_4z1hdKnrw
iVsl5EKiJB0,Education,UCA7QBnEDwHAEFTQpaNDT5Iw,0,0.127594356,https://www.youtube.com/watch?v=iVsl5EKiJB0
lgFBpSdOm_E,Education,UCA7QBnEDwHAEFTQpaNDT5Iw,0,0.1589329898654374,https://www.youtube.com/watch?v=lgFBpSdOm_E
N_2wwfSrEBE,Education,UCA7QBnEDwHAEFTQpaNDT5Iw,0,0.2756418284283031,https://www.youtube.com/watch?v=N_2wwfSrEBE
OuCcxtoEH38,Education,UCA7QBnEDwHAEFTQpaNDT5Iw,0,0.097007882,https://www.youtube.com/watch?v=OuCcxtoEH38
IFRmaZHSjH8,Education,UCA7QBnEDwHAEFTQpaNDT5Iw,0,0.2925023017493295,https://www.youtube.com/watch?v=IFRmaZHSjH8
oGHUA--mD4o,Education,UCA7QBnEDwHAEFTQpaNDT5Iw,0,0.1823933442971848,https://www.youtube.com/watch?v=oGHUA--mD4o
jURZReMOZEs,Education,UCA7QBnEDwHAEFTQpaNDT5Iw,0,0.1604434186144793,https://www.youtube.com/watch?v=jURZReMOZEs
lY2xjLCYLks,Education,UCA7QBnEDwHAEFTQpaNDT5Iw,0,0.1488397208130287,https://www.youtube.com/watch?v=lY2xjLCYLks
TIHdOGCZbzc,Education,UCA7QBnEDwHAEFTQpaNDT5Iw,0,0.1395985515001431,https://www.youtube.com/watch?v=TIHdOGCZbzc
RDzyj9u6DBg,Education,UCA7QBnEDwHAEFTQpaNDT5Iw,0,0.239260092,https://www.youtube.com/watch?v=RDzyj9u6DBg
hqDg4HeCjZo,Education,UCA7QBnEDwHAEFTQpaNDT5Iw,0,0.1855343441485322,https://www.youtube.com/watch?v=hqDg4HeCjZo
TG1a68WOMnI,Education,UCA7QBnEDwHAEFTQpaNDT5Iw,0,0.1989231340512439,https://www.youtube.com/watch?v=TG1a68WOMnI
Ritt_0sFO7w,Education,UCA7QBnEDwHAEFTQpaNDT5Iw,0,0.2528089887640449,https://www.youtube.com/watch?v=Ritt_0sFO7w
sfIOg-z5ss0,Education,UCA7QBnEDwHAEFTQpaNDT5Iw,0,0.1809612141652613,https://www.youtube.com/watch?v=sfIOg-z5ss0
yzxMcD51Qrs,Education,UCA7QBnEDwHAEFTQpaNDT5Iw,0,0.1653669622565839,https://www.youtube.com/watch?v=yzxMcD51Qrs
cBvQIvymw9U,Education,UCA7QBnEDwHAEFTQpaNDT5Iw,0,0.1740437441691717,https://www.youtube.com/watch?v=cBvQIvymw9U
Oymqu9sEauw,Education,UCA7QBnEDwHAEFTQpaNDT5Iw,0,0.2055445809756587,https://www.youtube.com/watch?v=Oymqu9sEauw
VIJkcfMisjc,Education,UCA7QBnEDwHAEFTQpaNDT5Iw,0,0.2275535763985527,https://www.youtube.com/watch?v=VIJkcfMisjc
GBRSjbDgwn0,Education,UCA7QBnEDwHAEFTQpaNDT5Iw,0,0.1934759972711931,https://www.youtube.com/watch?v=GBRSjbDgwn0
uQ9C5EIjb70,Education,UCA7QBnEDwHAEFTQpaNDT5Iw,0,0.2790201535612566,https://www.youtube.com/watch?v=uQ9C5EIjb70
zuOVncFi8mQ,Education,UCA7QBnEDwHAEFTQpaNDT5Iw,0,0.1675454667322043,https://www.youtube.com/watch?v=zuOVncFi8mQ
jb7N96mF84E,Education,UCA7QBnEDwHAEFTQpaNDT5Iw,0,0.1870388524843919,https://www.youtube.com/watch?v=jb7N96mF84E
VsqlvNSvBN8,Education,UCA7QBnEDwHAEFTQpaNDT5Iw,0,0.257012153,https://www.youtube.com/watch?v=VsqlvNSvBN8
647IkQZq5ag,Education,UCA7QBnEDwHAEFTQpaNDT5Iw,0,0.1933308071239105,https://www.youtube.com/watch?v=647IkQZq5ag
aMTiyrW1LTs,Education,UCA7QBnEDwHAEFTQpaNDT5Iw,0,0.1672380855989777,https://www.youtube.com/watch?v=aMTiyrW1LTs
R8L_YnVMpz4,Education,UCA7QBnEDwHAEFTQpaNDT5Iw,0,0.1311025177966653,https://www.youtube.com/watch?v=R8L_YnVMpz4
fB3tyYJTZTs,Education,UCA7QBnEDwHAEFTQpaNDT5Iw,0,0.2048447033995504,https://www.youtube.com/watch?v=fB3tyYJTZTs
RALUpCzGBhE,Education,UCA7QBnEDwHAEFTQpaNDT5Iw,0,0.195647566,https://www.youtube.com/watch?v=RALUpCzGBhE
VoxRcwQClwk,Education,UCA7QBnEDwHAEFTQpaNDT5Iw,0,0.18379593,https://www.youtube.com/watch?v=VoxRcwQClwk
WjAWURueZAk,Education,UCA7QBnEDwHAEFTQpaNDT5Iw,0,0.1548881277232336,https://www.youtube.com/watch?v=WjAWURueZAk
zTFHVwIRslA,Education,UCA7QBnEDwHAEFTQpaNDT5Iw,0,0.2007580480263321,https://www.youtube.com/watch?v=zTFHVwIRslA
v5M-mybDdLE,Education,UCA7QBnEDwHAEFTQpaNDT5Iw,0,0.2076941806671536,https://www.youtube.com/watch?v=v5M-mybDdLE
8VNwSM4VZkU,Education,UCA7QBnEDwHAEFTQpaNDT5Iw,0,0.1643104249496566,https://www.youtube.com/watch?v=8VNwSM4VZkU
dzI0NI6cV8k,Education,UCA7QBnEDwHAEFTQpaNDT5Iw,0,0.1458642782716651,https://www.youtube.com/watch?v=dzI0NI6cV8k
FqFlaEeT8Sw,Education,UCA7QBnEDwHAEFTQpaNDT5Iw,0,0.2707293178947865,https://www.youtube.com/watch?v=FqFlaEeT8Sw
Y4nKiv85Igk,Education,UCA7QBnEDwHAEFTQpaNDT5Iw,0,0.1521076092906858,https://www.youtube.com/watch?v=Y4nKiv85Igk
DZVXAzU-tkM,Education,UCA7QBnEDwHAEFTQpaNDT5Iw,0,0.2074964820263528,https://www.youtube.com/watch?v=DZVXAzU-tkM
WH4pF98WSU0,Education,UCA7QBnEDwHAEFTQpaNDT5Iw,0,0.1507720646433248,https://www.youtube.com/watch?v=WH4pF98WSU0
rUDe6O3pjEw,Education,UCA7QBnEDwHAEFTQpaNDT5Iw,0,0.2321202324260561,https://www.youtube.com/watch?v=rUDe6O3pjEw
t0INm-9-OME,Education,UCA7QBnEDwHAEFTQpaNDT5Iw,0,0.1845128739477364,https://www.youtube.com/watch?v=t0INm-9-OME
H7pDlyAdLY4,Education,UCA7QBnEDwHAEFTQpaNDT5Iw,0,0.1872904728089442,https://www.youtube.com/watch?v=H7pDlyAdLY4
Nr_iYJeKUTY,Education,UCA7QBnEDwHAEFTQpaNDT5Iw,0,0.2034115536084636,https://www.youtube.com/watch?v=Nr_iYJeKUTY
9Ty3-VnMWVY,Education,UCA7QBnEDwHAEFTQpaNDT5Iw,0,0.143199436,https://www.youtube.com/watch?v=9Ty3-VnMWVY
mXuuOHz0x8w,Education,UCA7QBnEDwHAEFTQpaNDT5Iw,0,0.2125821387090102,https://www.youtube.com/watch?v=mXuuOHz0x8w
uPogOaVInBM,Education,UCA7QBnEDwHAEFTQpaNDT5Iw,0,0.1848220979182284,https://www.youtube.com/watch?v=uPogOaVInBM
Eum1yVLCcgw,Education,UCA7QBnEDwHAEFTQpaNDT5Iw,0,0.2066354298192438,https://www.youtube.com/watch?v=Eum1yVLCcgw
5SO7dnP6wQw,Education,UCA7QBnEDwHAEFTQpaNDT5Iw,0,0.1594624469137238,https://www.youtube.com/watch?v=5SO7dnP6wQw
vcbbof6IIfY,Education,UCA7QBnEDwHAEFTQpaNDT5Iw,0,0.1870121760849203,https://www.youtube.com/watch?v=vcbbof6IIfY
vhK0m1jjkbo,Education,UCA7QBnEDwHAEFTQpaNDT5Iw,0,0.2167765357791153,https://www.youtube.com/watch?v=vhK0m1jjkbo
w_AU79DRC_E,Education,UCA7QBnEDwHAEFTQpaNDT5Iw,0,0.1844191658048948,https://www.youtube.com/watch?v=w_AU79DRC_E
ffYRm9Ud9n4,Education,UCA7QBnEDwHAEFTQpaNDT5Iw,0,0.1823212319659121,https://www.youtube.com/watch?v=ffYRm9Ud9n4
s7yU9W3bLu8,Education,UCA7QBnEDwHAEFTQpaNDT5Iw,0,0.2263905510172225,https://www.youtube.com/watch?v=s7yU9W3bLu8
rtghSkWW3Q8,Education,UCA7QBnEDwHAEFTQpaNDT5Iw,0,0.1415471680015347,https://www.youtube.com/watch?v=rtghSkWW3Q8
vo3u-TU96pI,Education,UCA7QBnEDwHAEFTQpaNDT5Iw,0,0.2229387192278055,https://www.youtube.com/watch?v=vo3u-TU96pI
LfOEFD28BQQ,Education,UCA7QBnEDwHAEFTQpaNDT5Iw,0,0.2171156893819334,https://www.youtube.com/watch?v=LfOEFD28BQQ
9ofnmfKMO7E,Education,UCA7QBnEDwHAEFTQpaNDT5Iw,0,0.1702708666629889,https://www.youtube.com/watch?v=9ofnmfKMO7E
EyI8M_-MZlI,Education,UCA7QBnEDwHAEFTQpaNDT5Iw,0,0.1556068878622427,https://www.youtube.com/watch?v=EyI8M_-MZlI
GZvYfj2H7zQ,Education,UCA7QBnEDwHAEFTQpaNDT5Iw,0,0.134103946,https://www.youtube.com/watch?v=GZvYfj2H7zQ
Mh2DUZ2bgp8,Education,UCA7QBnEDwHAEFTQpaNDT5Iw,0,0.1375057721114101,https://www.youtube.com/watch?v=Mh2DUZ2bgp8
va0CF-wgOkk,Education,UCA7QBnEDwHAEFTQpaNDT5Iw,0,0.2048767250736548,https://www.youtube.com/watch?v=va0CF-wgOkk
UztF_eL9uy4,Education,UCA7QBnEDwHAEFTQpaNDT5Iw,0,0.1770775356424198,https://www.youtube.com/watch?v=UztF_eL9uy4
eSpkeaZP_yQ,Education,UCA7QBnEDwHAEFTQpaNDT5Iw,0,0.1114885580034953,https://www.youtube.com/watch?v=eSpkeaZP_yQ
91YfaydaRh0,Education,UCA7QBnEDwHAEFTQpaNDT5Iw,0,0.1780635593820694,https://www.youtube.com/watch?v=91YfaydaRh0
kPyBBeWpies,Education,UCA7QBnEDwHAEFTQpaNDT5Iw,0,0.1351803405240811,https://www.youtube.com/watch?v=kPyBBeWpies
9ySy7KKeNwE,Education,UCA7QBnEDwHAEFTQpaNDT5Iw,0,0.1501543936777097,https://www.youtube.com/watch?v=9ySy7KKeNwE
aemF-blGR5E,Education,UCA7QBnEDwHAEFTQpaNDT5Iw,0,0.1845539280958721,https://www.youtube.com/watch?v=aemF-blGR5E
QTLalNekqdw,Education,UCA7QBnEDwHAEFTQpaNDT5Iw,0,0.217759082,https://www.youtube.com/watch?v=QTLalNekqdw
8qYRPfCnS54,Education,UCA7QBnEDwHAEFTQpaNDT5Iw,0,0.1276285488896149,https://www.youtube.com/watch?v=8qYRPfCnS54
tB-HAbFYsXA,Education,UCA7QBnEDwHAEFTQpaNDT5Iw,0,0.1609099786610727,https://www.youtube.com/watch?v=tB-HAbFYsXA
jC8E_drqYS4,Education,UCA7QBnEDwHAEFTQpaNDT5Iw,0,0.091899125,https://www.youtube.com/watch?v=jC8E_drqYS4
tnlP3-F2eho,Education,UCA7QBnEDwHAEFTQpaNDT5Iw,0,0.1944803794739111,https://www.youtube.com/watch?v=tnlP3-F2eho
xgmWW1suIhU,Education,UCA7QBnEDwHAEFTQpaNDT5Iw,0,0.1570773554207957,https://www.youtube.com/watch?v=xgmWW1suIhU
9kmzkIC8vcc,Education,UCA7QBnEDwHAEFTQpaNDT5Iw,0,0.1675011271148233,https://www.youtube.com/watch?v=9kmzkIC8vcc
lhivC7ADOJk,Education,UCA7QBnEDwHAEFTQpaNDT5Iw,0,0.1712194954757334,https://www.youtube.com/watch?v=lhivC7ADOJk
daLDSVM_zq0,Education,UCA7QBnEDwHAEFTQpaNDT5Iw,0,0.1302074433546358,https://www.youtube.com/watch?v=daLDSVM_zq0
tWEfSqMAO_w,Education,UCA7QBnEDwHAEFTQpaNDT5Iw,0,0.1785478433144486,https://www.youtube.com/watch?v=tWEfSqMAO_w
m4NUjrW6dIU,Education,UCA7QBnEDwHAEFTQpaNDT5Iw,0,0.1536856265737642,https://www.youtube.com/watch?v=m4NUjrW6dIU
ZY-KFrW9vAU,Education,UCA7QBnEDwHAEFTQpaNDT5Iw,0,0.1762599463732405,https://www.youtube.com/watch?v=ZY-KFrW9vAU
HjGWHHkySvg,Education,UCA7QBnEDwHAEFTQpaNDT5Iw,0,0.1224689177072041,https://www.youtube.com/watch?v=HjGWHHkySvg
P2qcHxtk70s,Education,UCA7QBnEDwHAEFTQpaNDT5Iw,0,0.1360663917850671,https://www.youtube.com/watch?v=P2qcHxtk70s
b8YIqBh-OT8,Education,UCA7QBnEDwHAEFTQpaNDT5Iw,0,0.1512335540533531,https://www.youtube.com/watch?v=b8YIqBh-OT8
SPATsy3kHXs,Education,UCA7QBnEDwHAEFTQpaNDT5Iw,0,0.1988794218466339,https://www.youtube.com/watch?v=SPATsy3kHXs
po9M8V5CNK0,Education,UCA7QBnEDwHAEFTQpaNDT5Iw,0,0.1517456969605664,https://www.youtube.com/watch?v=po9M8V5CNK0
0n_4y7tHVoo,Education,UCA7QBnEDwHAEFTQpaNDT5Iw,0,0.1423577478533818,https://www.youtube.com/watch?v=0n_4y7tHVoo
B6vDzVrBcTs,Education,UCA7QBnEDwHAEFTQpaNDT5Iw,0,0.1430153395795819,https://www.youtube.com/watch?v=B6vDzVrBcTs
PpSNX-kCanY,Education,UCA7QBnEDwHAEFTQpaNDT5Iw,0,0.1508525633205394,https://www.youtube.com/watch?v=PpSNX-kCanY
O2vlh7INI_0,Education,UCA7QBnEDwHAEFTQpaNDT5Iw,0,0.1807131886400635,https://www.youtube.com/watch?v=O2vlh7INI_0
Ple-23svWu0,Education,UCA7QBnEDwHAEFTQpaNDT5Iw,0,0.1279770233448707,https://www.youtube.com/watch?v=Ple-23svWu0
at_tVFkPsNc,Education,UCA7QBnEDwHAEFTQpaNDT5Iw,0,0.1411204256503851,https://www.youtube.com/watch?v=at_tVFkPsNc
x_F13iJ2a50,Education,UCA7QBnEDwHAEFTQpaNDT5Iw,0,0.1302314351740075,https://www.youtube.com/watch?v=x_F13iJ2a50
N0PzI_mZoSo,Education,UCA7QBnEDwHAEFTQpaNDT5Iw,0,0.1719033267514232,https://www.youtube.com/watch?v=N0PzI_mZoSo
ubWYrGb6OOs,Education,UCA7QBnEDwHAEFTQpaNDT5Iw,0,0.1174874605072916,https://www.youtube.com/watch?v=ubWYrGb6OOs
QIQ9oJyP6S4,Education,UCA7QBnEDwHAEFTQpaNDT5Iw,0,0.2904159866904579,https://www.youtube.com/watch?v=QIQ9oJyP6S4
OuqdrigS2lI,Education,UCA7QBnEDwHAEFTQpaNDT5Iw,0,0.1352516636985659,https://www.youtube.com/watch?v=OuqdrigS2lI
4tnUeJ1EZ2g,Education,UCA7QBnEDwHAEFTQpaNDT5Iw,0,0.1481246852817439,https://www.youtube.com/watch?v=4tnUeJ1EZ2g
ND6DBoJ7djY,Education,UCA7QBnEDwHAEFTQpaNDT5Iw,0,0.1418217626784835,https://www.youtube.com/watch?v=ND6DBoJ7djY
69kJ6oCUq5Q,Education,UCA7QBnEDwHAEFTQpaNDT5Iw,0,0.1976895992404161,https://www.youtube.com/watch?v=69kJ6oCUq5Q
W520GAwAbAs,Education,UCA7QBnEDwHAEFTQpaNDT5Iw,0,0.2010957474563005,https://www.youtube.com/watch?v=W520GAwAbAs
BV3rYuTZx6E,Education,UCA7QBnEDwHAEFTQpaNDT5Iw,0,0.1968450956937799,https://www.youtube.com/watch?v=BV3rYuTZx6E
0yP5daOvO1I,Education,UCA7QBnEDwHAEFTQpaNDT5Iw,0,0.1732445402017432,https://www.youtube.com/watch?v=0yP5daOvO1I
EH_kXbR1pnE,Education,UCA7QBnEDwHAEFTQpaNDT5Iw,0,0.1446821312303245,https://www.youtube.com/watch?v=EH_kXbR1pnE
Wsb5nILDy4g,Education,UCA7QBnEDwHAEFTQpaNDT5Iw,0,0.1777358908969952,https://www.youtube.com/watch?v=Wsb5nILDy4g
JwheF9kAo9Q,Education,UCA7QBnEDwHAEFTQpaNDT5Iw,0,0.2496732026143791,https://www.youtube.com/watch?v=JwheF9kAo9Q
h0z8bnvUUeU,Education,UCA7QBnEDwHAEFTQpaNDT5Iw,0,0.1950700206330392,https://www.youtube.com/watch?v=h0z8bnvUUeU
4Xy0QA91XVc,Education,UCA7QBnEDwHAEFTQpaNDT5Iw,0,0.1570223471955009,https://www.youtube.com/watch?v=4Xy0QA91XVc
sGhD6lqb3tE,Education,UCA7QBnEDwHAEFTQpaNDT5Iw,0,0.2000091631732068,https://www.youtube.com/watch?v=sGhD6lqb3tE
lxtfuDPT5tw,Education,UCA7QBnEDwHAEFTQpaNDT5Iw,0,0.1468996362750387,https://www.youtube.com/watch?v=lxtfuDPT5tw
yznYHB6WqfM,Education,UCA7QBnEDwHAEFTQpaNDT5Iw,0,0.1296872684155921,https://www.youtube.com/watch?v=yznYHB6WqfM
j_I-fi6SnWE,Education,UCA7QBnEDwHAEFTQpaNDT5Iw,0,0.1748156935852894,https://www.youtube.com/watch?v=j_I-fi6SnWE
Wr4KVJd0dn0,Education,UCA7QBnEDwHAEFTQpaNDT5Iw,0,0.1596919842989211,https://www.youtube.com/watch?v=Wr4KVJd0dn0
fua4BbsnHRM,Education,UCA7QBnEDwHAEFTQpaNDT5Iw,0,0.1810760429388699,https://www.youtube.com/watch?v=fua4BbsnHRM
DjQnCQKy29g,Education,UCA7QBnEDwHAEFTQpaNDT5Iw,0,0.1571364919055398,https://www.youtube.com/watch?v=DjQnCQKy29g
uK-NwOqFJlc,Education,UCA7QBnEDwHAEFTQpaNDT5Iw,0,0.2211379119867427,https://www.youtube.com/watch?v=uK-NwOqFJlc
o89G2LyStsI,Education,UCA7QBnEDwHAEFTQpaNDT5Iw,0,0.097382475,https://www.youtube.com/watch?v=o89G2LyStsI
DOexTV2xoH4,Education,UCA7QBnEDwHAEFTQpaNDT5Iw,0,0.137853482,https://www.youtube.com/watch?v=DOexTV2xoH4
RjkgxEhZNbg,Education,UCA7QBnEDwHAEFTQpaNDT5Iw,0,0.1805780543950891,https://www.youtube.com/watch?v=RjkgxEhZNbg
n6JtLoGeb6Y,Education,UCA7QBnEDwHAEFTQpaNDT5Iw,0,0.1980510174835196,https://www.youtube.com/watch?v=n6JtLoGeb6Y
ZXCtBdW5Em8,Education,UCA7QBnEDwHAEFTQpaNDT5Iw,0,0.1894492368944923,https://www.youtube.com/watch?v=ZXCtBdW5Em8
gaYHhfZZWVc,Education,UCA7QBnEDwHAEFTQpaNDT5Iw,0,0.1725019166879632,https://www.youtube.com/watch?v=gaYHhfZZWVc
J199zPBFRXk,Education,UCA7QBnEDwHAEFTQpaNDT5Iw,0,0.1516646115906288,https://www.youtube.com/watch?v=J199zPBFRXk
gVg-wbxh4NU,Education,UCA7QBnEDwHAEFTQpaNDT5Iw,0,0.1844676549865229,https://www.youtube.com/watch?v=gVg-wbxh4NU
JJjGs29dAs4,Education,UCA7QBnEDwHAEFTQpaNDT5Iw,0,0.1366890126122031,https://www.youtube.com/watch?v=JJjGs29dAs4
dBVgQNrOlW0,Education,UCA7QBnEDwHAEFTQpaNDT5Iw,0,0.1683837468062309,https://www.youtube.com/watch?v=dBVgQNrOlW0
Yr0e3xnTvYA,Education,UCA7QBnEDwHAEFTQpaNDT5Iw,0,0.1607038387111291,https://www.youtube.com/watch?v=Yr0e3xnTvYA
RvfeAwEbm5Y,Education,UCA7QBnEDwHAEFTQpaNDT5Iw,0,0.1561756778182971,https://www.youtube.com/watch?v=RvfeAwEbm5Y
QU-BvSFY0RM,Education,UCA7QBnEDwHAEFTQpaNDT5Iw,0,0.1899159663865546,https://www.youtube.com/watch?v=QU-BvSFY0RM
kEnMPETR-gs,Education,UCA7QBnEDwHAEFTQpaNDT5Iw,0,0.1734597156398104,https://www.youtube.com/watch?v=kEnMPETR-gs
l95eFVguqwc,Education,UCA7QBnEDwHAEFTQpaNDT5Iw,0,0.1218428630193336,https://www.youtube.com/watch?v=l95eFVguqwc
cGlGZfLVvh8,Education,UCA7QBnEDwHAEFTQpaNDT5Iw,0,0.2127130001914608,https://www.youtube.com/watch?v=cGlGZfLVvh8
0IB8fKoY-eo,Education,UCA7QBnEDwHAEFTQpaNDT5Iw,0,0.1827694678050972,https://www.youtube.com/watch?v=0IB8fKoY-eo
PCW2J_NYVWc,Education,UCA7QBnEDwHAEFTQpaNDT5Iw,0,0.2126065411298315,https://www.youtube.com/watch?v=PCW2J_NYVWc
VdKC_EkyL9A,Education,UCA7QBnEDwHAEFTQpaNDT5Iw,0,0.15,https://www.youtube.com/watch?v=VdKC_EkyL9A
X3tjxfG4mLg,Education,UCA7QBnEDwHAEFTQpaNDT5Iw,0,0.1779661016949152,https://www.youtube.com/watch?v=X3tjxfG4mLg
MyniybJAnJw,Education,UCA7QBnEDwHAEFTQpaNDT5Iw,0,0.1396848722344681,https://www.youtube.com/watch?v=MyniybJAnJw
lcGhuEjeCrk,Education,UCA7QBnEDwHAEFTQpaNDT5Iw,0,0.1537687829558962,https://www.youtube.com/watch?v=lcGhuEjeCrk
K1AYpnOazyo,Education,UCA7QBnEDwHAEFTQpaNDT5Iw,0,0.1943656262667207,https://www.youtube.com/watch?v=K1AYpnOazyo
WI0wisG9QOE,Education,UCA7QBnEDwHAEFTQpaNDT5Iw,0,0.1768241149403699,https://www.youtube.com/watch?v=WI0wisG9QOE
EtBRki0I-aE,Education,UCA7QBnEDwHAEFTQpaNDT5Iw,0,0.1872749099639856,https://www.youtube.com/watch?v=EtBRki0I-aE
efsnFs9yL1c,Education,UCA7QBnEDwHAEFTQpaNDT5Iw,0,0.1590601757944557,https://www.youtube.com/watch?v=efsnFs9yL1c
8pSwuDE12kE,Education,UCA7QBnEDwHAEFTQpaNDT5Iw,0,0.1316526610644257,https://www.youtube.com/watch?v=8pSwuDE12kE
BW0V-_Et3vA,Education,UCA7QBnEDwHAEFTQpaNDT5Iw,0,0.1527737855705662,https://www.youtube.com/watch?v=BW0V-_Et3vA
GNtzXN8ddEc,Education,UCA7QBnEDwHAEFTQpaNDT5Iw,0,0.1673885545632258,https://www.youtube.com/watch?v=GNtzXN8ddEc
dY5fEEhI6rg,Education,UCA7QBnEDwHAEFTQpaNDT5Iw,0,0.1427102611556652,https://www.youtube.com/watch?v=dY5fEEhI6rg
ZyofSlADYSM,Education,UCA7QBnEDwHAEFTQpaNDT5Iw,0,0.1629145901357621,https://www.youtube.com/watch?v=ZyofSlADYSM
K0Ly-JK9ANQ,Education,UCA7QBnEDwHAEFTQpaNDT5Iw,0,0.1515753619074652,https://www.youtube.com/watch?v=K0Ly-JK9ANQ
jxwIlJISLfU,Education,UCA7QBnEDwHAEFTQpaNDT5Iw,0,0.1431397484809947,https://www.youtube.com/watch?v=jxwIlJISLfU
PqOVrrufelc,Education,UCA7QBnEDwHAEFTQpaNDT5Iw,0,0.1247427731504164,https://www.youtube.com/watch?v=PqOVrrufelc
BvpSP2BRR60,Education,UCA7QBnEDwHAEFTQpaNDT5Iw,0,0.1969741916345298,https://www.youtube.com/watch?v=BvpSP2BRR60
O1wZWhpsTMY,Education,UCA7QBnEDwHAEFTQpaNDT5Iw,0,0.1681645428124301,https://www.youtube.com/watch?v=O1wZWhpsTMY
fRH2Lq0K9jw,Education,UCA7QBnEDwHAEFTQpaNDT5Iw,0,0.1557067966522579,https://www.youtube.com/watch?v=fRH2Lq0K9jw
ZMZF7mgfk4Y,Education,UCA7QBnEDwHAEFTQpaNDT5Iw,0,0.093062606,https://www.youtube.com/watch?v=ZMZF7mgfk4Y
FenzJdb2XiE,Education,UCA7QBnEDwHAEFTQpaNDT5Iw,0,0.1662671100456267,https://www.youtube.com/watch?v=FenzJdb2XiE
bjXv4EbQWeE,Education,UCA7QBnEDwHAEFTQpaNDT5Iw,0,0.1373527135116539,https://www.youtube.com/watch?v=bjXv4EbQWeE
yPSPue1Uv74,Education,UCA7QBnEDwHAEFTQpaNDT5Iw,0,0.1406085306724755,https://www.youtube.com/watch?v=yPSPue1Uv74
Pdbv3uSyVBc,Education,UCA7QBnEDwHAEFTQpaNDT5Iw,0,0.1441606582752861,https://www.youtube.com/watch?v=Pdbv3uSyVBc
GNv10Vnl4p4,Education,UCkgjUHB8sdWbmdp39swMrTg,2,0.9754711337122344,https://www.youtube.com/watch?v=GNv10Vnl4p4
68aMygiFs-g,Education,UCkgjUHB8sdWbmdp39swMrTg,2,0.9685534591194968,https://www.youtube.com/watch?v=68aMygiFs-g
Pd-v54KG2k0,Education,UCkgjUHB8sdWbmdp39swMrTg,2,0.957983193,https://www.youtube.com/watch?v=Pd-v54KG2k0
tZCuVS7V6uk,Education,UCkgjUHB8sdWbmdp39swMrTg,2,0.9554519554519556,https://www.youtube.com/watch?v=tZCuVS7V6uk
UOjt2F0XibY,Education,UCkgjUHB8sdWbmdp39swMrTg,2,0.938105764,https://www.youtube.com/watch?v=UOjt2F0XibY
khdmdxyKVfs,Education,UCkgjUHB8sdWbmdp39swMrTg,2,0.9306513753247916,https://www.youtube.com/watch?v=khdmdxyKVfs
SXlb0-f1WXU,Education,UCkgjUHB8sdWbmdp39swMrTg,2,0.9705400981996728,https://www.youtube.com/watch?v=SXlb0-f1WXU
lavEq7XhKAc,Education,UCkgjUHB8sdWbmdp39swMrTg,2,0.9433365424288268,https://www.youtube.com/watch?v=lavEq7XhKAc
TssyZGQsiMA,Education,UCkgjUHB8sdWbmdp39swMrTg,2,0.9587487108972156,https://www.youtube.com/watch?v=TssyZGQsiMA
cM-TDRuGcgc,Education,UCkgjUHB8sdWbmdp39swMrTg,2,0.9777034559643256,https://www.youtube.com/watch?v=cM-TDRuGcgc
81UZcmP4oYM,Education,UCkgjUHB8sdWbmdp39swMrTg,2,0.9660755589822668,https://www.youtube.com/watch?v=81UZcmP4oYM
pJnWl8eZYlY,Education,UCkgjUHB8sdWbmdp39swMrTg,2,0.9546309616023017,https://www.youtube.com/watch?v=pJnWl8eZYlY
OJEaQYt_GSU,Education,UCkgjUHB8sdWbmdp39swMrTg,2,0.963749353,https://www.youtube.com/watch?v=OJEaQYt_GSU
M1k_xaCRDbY,Education,UCkgjUHB8sdWbmdp39swMrTg,2,0.9455026058265532,https://www.youtube.com/watch?v=M1k_xaCRDbY
C93koLkJ_AM,Education,UCkgjUHB8sdWbmdp39swMrTg,2,0.9641054402692092,https://www.youtube.com/watch?v=C93koLkJ_AM
COjO8AaGf6I,Education,UCkgjUHB8sdWbmdp39swMrTg,2,0.9659574468085106,https://www.youtube.com/watch?v=COjO8AaGf6I
HzBxBtk6XB4,Education,UCkgjUHB8sdWbmdp39swMrTg,2,0.9450953561960148,https://www.youtube.com/watch?v=HzBxBtk6XB4
ISjDRN6Gp6c,Education,UCkgjUHB8sdWbmdp39swMrTg,2,0.9628286491387126,https://www.youtube.com/watch?v=ISjDRN6Gp6c
Bubl6CG3Jbo,Education,UCkgjUHB8sdWbmdp39swMrTg,2,0.9442363712026632,https://www.youtube.com/watch?v=Bubl6CG3Jbo
KLT4AhVPggA,Education,UCkgjUHB8sdWbmdp39swMrTg,2,0.9395099370173368,https://www.youtube.com/watch?v=KLT4AhVPggA
m4yRGXZmjso,Education,UCkgjUHB8sdWbmdp39swMrTg,2,0.95527333,https://www.youtube.com/watch?v=m4yRGXZmjso
jbvyDmt0VQU,Education,UCkgjUHB8sdWbmdp39swMrTg,2,0.9360430319330276,https://www.youtube.com/watch?v=jbvyDmt0VQU
pMv6Z74KA1s,Education,UCkgjUHB8sdWbmdp39swMrTg,2,0.9346130740164732,https://www.youtube.com/watch?v=pMv6Z74KA1s
sqUx6TmIIUY,Education,UCkgjUHB8sdWbmdp39swMrTg,1,0.8824093708977078,https://www.youtube.com/watch?v=sqUx6TmIIUY
bex8UmsS-Go,Education,UCkgjUHB8sdWbmdp39swMrTg,2,0.9512125939583038,https://www.youtube.com/watch?v=bex8UmsS-Go
42A6TuopSGA,Education,UCkgjUHB8sdWbmdp39swMrTg,2,0.9355277211379746,https://www.youtube.com/watch?v=42A6TuopSGA
vBsV5swlCDA,Education,UCkgjUHB8sdWbmdp39swMrTg,2,0.9581694672863784,https://www.youtube.com/watch?v=vBsV5swlCDA
mKz1aQwkgZ8,Education,UCkgjUHB8sdWbmdp39swMrTg,2,0.9629139072847682,https://www.youtube.com/watch?v=mKz1aQwkgZ8
Cf3GcmfVl84,Howto & Style,UCkgjUHB8sdWbmdp39swMrTg,2,0.9706682794073178,https://www.youtube.com/watch?v=Cf3GcmfVl84
hrlvcpajk2M,Howto & Style,UCkgjUHB8sdWbmdp39swMrTg,2,0.9570222563315426,https://www.youtube.com/watch?v=hrlvcpajk2M
bpyGrqKKMKM,Howto & Style,UCkgjUHB8sdWbmdp39swMrTg,2,0.9486521181001284,https://www.youtube.com/watch?v=bpyGrqKKMKM
x2GkF3q9Q-I,Education,UCkgjUHB8sdWbmdp39swMrTg,2,0.9448234228795652,https://www.youtube.com/watch?v=x2GkF3q9Q-I
4KvNkjCGcKw,Education,UCkgjUHB8sdWbmdp39swMrTg,2,0.9591523713420788,https://www.youtube.com/watch?v=4KvNkjCGcKw
BGRbGOxyA9A,Education,UCkgjUHB8sdWbmdp39swMrTg,2,0.9611718205068588,https://www.youtube.com/watch?v=BGRbGOxyA9A
QHiZe0ybFLw,Education,UCkgjUHB8sdWbmdp39swMrTg,2,0.9349827387802072,https://www.youtube.com/watch?v=QHiZe0ybFLw
ibRpO-cgLQo,Education,UCkgjUHB8sdWbmdp39swMrTg,2,0.945146819,https://www.youtube.com/watch?v=ibRpO-cgLQo
jCxe_7AhvjA,Education,UCkgjUHB8sdWbmdp39swMrTg,2,0.9367133445108272,https://www.youtube.com/watch?v=jCxe_7AhvjA
vzBHzvZylaI,Education,UCkgjUHB8sdWbmdp39swMrTg,2,0.9416930890316788,https://www.youtube.com/watch?v=vzBHzvZylaI
uZCRMC7MRmY,Education,UCkgjUHB8sdWbmdp39swMrTg,2,0.9196068297017672,https://www.youtube.com/watch?v=uZCRMC7MRmY
VZ5tniNgFXA,Education,UCkgjUHB8sdWbmdp39swMrTg,1,0.8775263191073568,https://www.youtube.com/watch?v=VZ5tniNgFXA
zDrXtPoVbQo,Education,UCkgjUHB8sdWbmdp39swMrTg,2,0.9675714802750632,https://www.youtube.com/watch?v=zDrXtPoVbQo
gEJ4AuLzg8I,Education,UCkgjUHB8sdWbmdp39swMrTg,2,0.9648868172049012,https://www.youtube.com/watch?v=gEJ4AuLzg8I
Hpl8yNJPl3w,Education,UCkgjUHB8sdWbmdp39swMrTg,2,0.9667334669338676,https://www.youtube.com/watch?v=Hpl8yNJPl3w
oiVczlpBckU,Education,UCkgjUHB8sdWbmdp39swMrTg,2,0.9673973185784208,https://www.youtube.com/watch?v=oiVczlpBckU
v4cQ2G3NDbo,Education,UCkgjUHB8sdWbmdp39swMrTg,2,0.97073401,https://www.youtube.com/watch?v=v4cQ2G3NDbo
OGrtIpiAuhg,Education,UCkgjUHB8sdWbmdp39swMrTg,2,0.9657060221051544,https://www.youtube.com/watch?v=OGrtIpiAuhg
WnbUE3X3oKk,Education,UCkgjUHB8sdWbmdp39swMrTg,2,0.966975545,https://www.youtube.com/watch?v=WnbUE3X3oKk
G53dp80IZQ8,Education,UCkgjUHB8sdWbmdp39swMrTg,2,0.9567767108245134,https://www.youtube.com/watch?v=G53dp80IZQ8
ADvgFmci5Fs,Education,UCkgjUHB8sdWbmdp39swMrTg,2,0.9443912812333864,https://www.youtube.com/watch?v=ADvgFmci5Fs
voqE8P05LzY,Education,UCkgjUHB8sdWbmdp39swMrTg,2,0.9534166809385168,https://www.youtube.com/watch?v=voqE8P05LzY
0YUpHZlkPOY,Education,UCkgjUHB8sdWbmdp39swMrTg,2,0.9629168396291684,https://www.youtube.com/watch?v=0YUpHZlkPOY
uBF69nSq3Fg,Education,UCkgjUHB8sdWbmdp39swMrTg,2,0.9763273588096044,https://www.youtube.com/watch?v=uBF69nSq3Fg
ys7hjhyXElg,Education,UCkgjUHB8sdWbmdp39swMrTg,2,0.9630330123796425,https://www.youtube.com/watch?v=ys7hjhyXElg
ZPDCZBJ0Bkg,Education,UCkgjUHB8sdWbmdp39swMrTg,2,0.9874617291150314,https://www.youtube.com/watch?v=ZPDCZBJ0Bkg
8yYX7YhuOQI,Education,UCkgjUHB8sdWbmdp39swMrTg,2,0.9603014151810328,https://www.youtube.com/watch?v=8yYX7YhuOQI
Ojzxh-Kuxwk,Education,UCkgjUHB8sdWbmdp39swMrTg,2,0.9787595581988106,https://www.youtube.com/watch?v=Ojzxh-Kuxwk
NV-IfDCeDWo,Education,UCkgjUHB8sdWbmdp39swMrTg,2,0.9641707487753672,https://www.youtube.com/watch?v=NV-IfDCeDWo
gD4gIG1o99Q,Education,UCkgjUHB8sdWbmdp39swMrTg,2,0.9724752859081216,https://www.youtube.com/watch?v=gD4gIG1o99Q
dFYjsbi_r38,Education,UCkgjUHB8sdWbmdp39swMrTg,2,0.9497799637587367,https://www.youtube.com/watch?v=dFYjsbi_r38
uvPwRbuj4DA,Education,UCkgjUHB8sdWbmdp39swMrTg,2,0.9236628300609344,https://www.youtube.com/watch?v=uvPwRbuj4DA
6In2MrspQ4c,Education,UCkgjUHB8sdWbmdp39swMrTg,2,0.9554482018250134,https://www.youtube.com/watch?v=6In2MrspQ4c
NJ3JsfZJ2rA,Education,UCkgjUHB8sdWbmdp39swMrTg,2,0.9733333333333334,https://www.youtube.com/watch?v=NJ3JsfZJ2rA
Dw3O6ErOJfA,Education,UCkgjUHB8sdWbmdp39swMrTg,2,0.961207399,https://www.youtube.com/watch?v=Dw3O6ErOJfA
QniN9nV8mII,Education,UCkgjUHB8sdWbmdp39swMrTg,2,0.974293059,https://www.youtube.com/watch?v=QniN9nV8mII
g5Ot8LKU0WE,Education,UCkgjUHB8sdWbmdp39swMrTg,2,0.9558232931726908,https://www.youtube.com/watch?v=g5Ot8LKU0WE
ptTOIxgyTDE,Education,UCkgjUHB8sdWbmdp39swMrTg,2,0.975799481,https://www.youtube.com/watch?v=ptTOIxgyTDE
s4Z0ZYRZ8aI,Education,UCkgjUHB8sdWbmdp39swMrTg,2,0.9560460560890544,https://www.youtube.com/watch?v=s4Z0ZYRZ8aI
clAkJXD3XkE,Education,UCkgjUHB8sdWbmdp39swMrTg,2,0.9666880204996796,https://www.youtube.com/watch?v=clAkJXD3XkE
qsJUoGFiscE,Education,UCkgjUHB8sdWbmdp39swMrTg,2,0.9168703060195046,https://www.youtube.com/watch?v=qsJUoGFiscE
YShLO6XDcJc,Education,UCkgjUHB8sdWbmdp39swMrTg,2,0.958918511,https://www.youtube.com/watch?v=YShLO6XDcJc
YkCEbPh_uFE,Education,UCkgjUHB8sdWbmdp39swMrTg,2,0.9575295834008754,https://www.youtube.com/watch?v=YkCEbPh_uFE
qajcN_VcedY,Education,UCkgjUHB8sdWbmdp39swMrTg,2,0.9336096876326012,https://www.youtube.com/watch?v=qajcN_VcedY
EXxEH3EyFuE,Education,UCkgjUHB8sdWbmdp39swMrTg,2,0.9733971801010908,https://www.youtube.com/watch?v=EXxEH3EyFuE
Mg0TE52ARi8,Howto & Style,UCkgjUHB8sdWbmdp39swMrTg,2,0.9764446080235554,https://www.youtube.com/watch?v=Mg0TE52ARi8
